,solar_ac,wind_ac,load
2024-01-01 00:00:00+06:00,0.0,0.0,5.147780879617922
2024-01-01 01:00:00+06:00,0.0,1.771169824963684,5.508402751524955
2024-01-01 02:00:00+06:00,0.0,21.74904686312045,5.962550057312082
2024-01-01 03:00:00+06:00,0.0,5.640794721415663,6.638164954150439
2024-01-01 04:00:00+06:00,0.0,2.844327627811732,8.527632342593675
2024-01-01 05:00:00+06:00,0.0,4.558507654914002,9.398444058000079
2024-01-01 06:00:00+06:00,0.0,5.537564718611622,10.752591850431896
2024-01-01 07:00:00+06:00,0.0,1.3537102408559702,12.18108795728788
2024-01-01 08:00:00+06:00,0.0,4.465280708656747,13.345179371868824
2024-01-01 09:00:00+06:00,0.0,5.3448076748729205,14.188823941522209
2024-01-01 10:00:00+06:00,1.7881290300635466,0.0,15.409687523825681
2024-01-01 11:00:00+06:00,3.817596309397937,7.303164215592829,15.603436475860924
2024-01-01 12:00:00+06:00,5.044367943448987,5.110982079234935,16.39226606399051
2024-01-01 13:00:00+06:00,5.480316089743721,0.0,16.20037010907584
2024-01-01 14:00:00+06:00,5.307484944769319,4.656238942828233,15.189266375825753
2024-01-01 15:00:00+06:00,4.455665486273645,2.910031750436639,14.538268795650906
2024-01-01 16:00:00+06:00,2.7087693680474345,9.325013559769655,13.62525151088249
2024-01-01 17:00:00+06:00,0.25859975366992194,6.259576778540851,12.014617698396037
2024-01-01 18:00:00+06:00,0.0,0.0,10.851422884671473
2024-01-01 19:00:00+06:00,0.0,0.0,9.68050993135753
2024-01-01 20:00:00+06:00,0.0,0.0,8.254965483980287
2024-01-01 21:00:00+06:00,0.0,3.37509359944343,6.933756472179261
2024-01-01 22:00:00+06:00,0.0,4.186585608465556,5.822086811112032
2024-01-01 23:00:00+06:00,0.0,2.468407327587662,6.046704627559632
2024-01-02 00:00:00+06:00,0.0,3.8029634986447953,5.564700397450364
2024-01-02 01:00:00+06:00,0.0,2.7816062806921606,5.347796495849666
2024-01-02 02:00:00+06:00,0.0,1.6373020267516465,6.166641755413451
2024-01-02 03:00:00+06:00,0.0,0.0,6.943054911061529
2024-01-02 04:00:00+06:00,0.0,0.0,7.773996076798458
2024-01-02 05:00:00+06:00,0.0,0.0,9.21654287540763
2024-01-02 06:00:00+06:00,0.0,3.42718338909574,10.692484196708069
2024-01-02 07:00:00+06:00,0.0,7.729222580820495,11.768669875921246
2024-01-02 08:00:00+06:00,0.0,13.106737733170421,13.605520052326348
2024-01-02 09:00:00+06:00,0.0,7.186595137157084,14.148221691278616
2024-01-02 10:00:00+06:00,1.8832297476527835,6.92109034108387,15.023175007332016
2024-01-02 11:00:00+06:00,3.991385580847323,4.852958468393468,15.3761082696548
2024-01-02 12:00:00+06:00,5.2689720086241,8.24558990105798,15.805020883336436
2024-01-02 13:00:00+06:00,5.837090395550349,4.119964427867902,15.233739969341972
2024-01-02 14:00:00+06:00,5.595838953615742,0.0,15.182934587274133
2024-01-02 15:00:00+06:00,4.633392501201252,0.0,14.327088098002534
2024-01-02 16:00:00+06:00,2.842459282252379,8.863809869993874,13.732714361563657
2024-01-02 17:00:00+06:00,0.294066974497129,7.7279007473391745,11.912689051366954
2024-01-02 18:00:00+06:00,0.0,22.858645921286694,10.510300380374835
2024-01-02 19:00:00+06:00,0.0,8.208630359707028,8.50006539167848
2024-01-02 20:00:00+06:00,0.0,4.398168060994847,8.089360785037123
2024-01-02 21:00:00+06:00,0.0,3.346731226449175,6.935909332089365
2024-01-02 22:00:00+06:00,0.0,2.4207226073351378,5.880900364071637
2024-01-02 23:00:00+06:00,0.0,0.0,5.319708023906655
2024-01-03 00:00:00+06:00,0.0,2.0241868279603232,5.134121181782385
2024-01-03 01:00:00+06:00,0.0,0.0,4.9541613492261884
2024-01-03 02:00:00+06:00,0.0,0.0,6.059357694110624
2024-01-03 03:00:00+06:00,0.0,2.1688439375717308,6.557374091284658
2024-01-03 04:00:00+06:00,0.0,0.0,7.953101322341298
2024-01-03 05:00:00+06:00,0.0,1.747458765793127,9.27893913283743
2024-01-03 06:00:00+06:00,0.0,2.840081416845457,10.146514689817124
2024-01-03 07:00:00+06:00,0.0,1.602417115498195,12.149208918309052
2024-01-03 08:00:00+06:00,0.0,2.90095269307666,13.921758616837153
2024-01-03 09:00:00+06:00,0.0,12.81500461175504,14.220616592318121
2024-01-03 10:00:00+06:00,1.8671241775752405,10.890115616985758,14.887150983443895
2024-01-03 11:00:00+06:00,3.939354205639295,2.9906065426565536,15.611487328106591
2024-01-03 12:00:00+06:00,5.229426276785801,0.0,15.920667586289953
2024-01-03 13:00:00+06:00,5.711704685541176,2.9817083619410427,15.866861025994861
2024-01-03 14:00:00+06:00,5.550140259536478,2.933114420046821,14.881999909325673
2024-01-03 15:00:00+06:00,4.604942790767377,4.8741640253277305,14.210993611737804
2024-01-03 16:00:00+06:00,2.8686875523379474,1.3000087990737559,13.050114593593738
2024-01-03 17:00:00+06:00,0.32562826318134336,5.076252029678437,12.021746392566396
2024-01-03 18:00:00+06:00,0.0,3.5974243056553705,10.48398648921873
2024-01-03 19:00:00+06:00,0.0,1.2422901834477735,9.057118871374042
2024-01-03 20:00:00+06:00,0.0,0.0,8.049196235954513
2024-01-03 21:00:00+06:00,0.0,4.429628673357445,6.280392129055245
2024-01-03 22:00:00+06:00,0.0,2.146658242754593,5.967516663967122
2024-01-03 23:00:00+06:00,0.0,6.873292662731067,5.140121100570028
2024-01-04 00:00:00+06:00,0.0,4.320573982870775,5.078331080218029
2024-01-04 01:00:00+06:00,0.0,2.017914386248409,5.54537608066024
2024-01-04 02:00:00+06:00,0.0,20.922980309012924,6.174348407631122
2024-01-04 03:00:00+06:00,0.0,2.9010676965060123,6.32768135817582
2024-01-04 04:00:00+06:00,0.0,0.0,7.973788647146211
2024-01-04 05:00:00+06:00,0.0,1.991822210868433,8.837589909261968
2024-01-04 06:00:00+06:00,0.0,2.784248192897535,10.405030643564373
2024-01-04 07:00:00+06:00,0.0,3.200547988857614,11.89206994861711
2024-01-04 08:00:00+06:00,0.0,0.0,13.457819151681155
2024-01-04 09:00:00+06:00,0.0,0.0,13.95116617517795
2024-01-04 10:00:00+06:00,1.8511062256437905,1.5626319873909138,14.64899410753309
2024-01-04 11:00:00+06:00,3.9276873983722913,0.0,15.546971224521712
2024-01-04 12:00:00+06:00,5.176996658060181,0.0,15.686920943080617
2024-01-04 13:00:00+06:00,5.653362724597631,0.0,15.79247223867278
2024-01-04 14:00:00+06:00,5.489562408823842,0.0,15.053551558707127
2024-01-04 15:00:00+06:00,4.577519056501431,2.3495454742225026,13.847656295665677
2024-01-04 16:00:00+06:00,2.8764125098376123,2.516875446706029,12.804202011268433
2024-01-04 17:00:00+06:00,0.3576359876206815,0.0,12.698899683317158
2024-01-04 18:00:00+06:00,0.0,0.0,10.797001171460389
2024-01-04 19:00:00+06:00,0.0,5.887187402086195,9.023389794212072
2024-01-04 20:00:00+06:00,0.0,19.853218644081693,7.955010812460394
2024-01-04 21:00:00+06:00,0.0,6.337677059946991,7.315446965309398
2024-01-04 22:00:00+06:00,0.0,4.45373565118503,5.7416939190035166
2024-01-04 23:00:00+06:00,0.0,1.751252487279601,5.243502939153125
2024-01-05 00:00:00+06:00,0.0,19.112294350260317,4.608605880048188
2024-01-05 01:00:00+06:00,0.0,4.761384782301745,5.095680561283343
2024-01-05 02:00:00+06:00,0.0,1.1925619668692704,5.868067449354599
2024-01-05 03:00:00+06:00,0.0,0.0,6.599964264722179
2024-01-05 04:00:00+06:00,0.0,1.4523978871348966,7.853353379317574
2024-01-05 05:00:00+06:00,0.0,1.3725429263520132,8.991687864466485
2024-01-05 06:00:00+06:00,0.0,1.628006333360765,10.425885468069366
2024-01-05 07:00:00+06:00,0.0,6.097684860398335,11.58428228051229
2024-01-05 08:00:00+06:00,0.0,4.914719328920827,12.783474209870693
2024-01-05 09:00:00+06:00,0.0,4.652295749148873,14.324107350599446
2024-01-05 10:00:00+06:00,1.8762438042836922,2.425888784805396,15.09655953882581
2024-01-05 11:00:00+06:00,3.955054995711473,0.0,15.555163398463169
2024-01-05 12:00:00+06:00,5.18166226316076,0.0,15.924591649257684
2024-01-05 13:00:00+06:00,5.823967454553735,0.0,15.848294306959122
2024-01-05 14:00:00+06:00,5.543366877457404,3.4874079949062007,14.428098604503912
2024-01-05 15:00:00+06:00,4.634626842149159,8.99311413057872,14.071444002937474
2024-01-05 16:00:00+06:00,2.9741894785098624,6.994638147148354,13.01991516846362
2024-01-05 17:00:00+06:00,0.40644685086630866,0.0,11.606674290954937
2024-01-05 18:00:00+06:00,0.0,7.226493707368731,10.233250636434375
2024-01-05 19:00:00+06:00,0.0,2.3232425787252646,8.973408158907256
2024-01-05 20:00:00+06:00,0.0,6.4356406256933525,8.131601971570626
2024-01-05 21:00:00+06:00,0.0,10.515154403815366,6.396151657815371
2024-01-05 22:00:00+06:00,0.0,7.490980402621504,5.5193410461509
2024-01-05 23:00:00+06:00,0.0,5.707316121232897,4.737701793834942
2024-01-06 00:00:00+06:00,0.0,2.111745124801127,4.352863243257749
2024-01-06 01:00:00+06:00,0.0,2.737200814040038,4.670181590437116
2024-01-06 02:00:00+06:00,0.0,4.494593981972964,4.833300023777267
2024-01-06 03:00:00+06:00,0.0,0.0,5.523845625305564
2024-01-06 04:00:00+06:00,0.0,1.3740692141553854,6.287186456912888
2024-01-06 05:00:00+06:00,0.0,0.0,7.129348236831633
2024-01-06 06:00:00+06:00,0.0,0.0,7.793332929306554
2024-01-06 07:00:00+06:00,0.0,1.2633152304022388,10.269682545272497
2024-01-06 08:00:00+06:00,0.0,6.922040879742733,11.007521153631334
2024-01-06 09:00:00+06:00,0.0,7.459443295905724,11.39635143638251
2024-01-06 10:00:00+06:00,1.9082302800274749,3.6887376418919238,11.987462734554246
2024-01-06 11:00:00+06:00,4.046290175150618,8.13379565650274,13.302122812970126
2024-01-06 12:00:00+06:00,5.222360719328657,2.50951552832414,12.365095570377154
2024-01-06 13:00:00+06:00,5.722927339423608,2.9473519510802526,12.857891189735122
2024-01-06 14:00:00+06:00,5.603691694830206,3.322023141928319,12.018857974201149
2024-01-06 15:00:00+06:00,4.689927209295186,3.901511656092825,11.699122130257079
2024-01-06 16:00:00+06:00,2.9638602435137855,4.849403951213634,10.682644642965755
2024-01-06 17:00:00+06:00,0.43775551104892874,5.902575075935581,9.420100261862034
2024-01-06 18:00:00+06:00,0.0,15.39254861958245,8.766254959979088
2024-01-06 19:00:00+06:00,0.0,3.920372268711436,7.778993469125711
2024-01-06 20:00:00+06:00,0.0,2.113932135767052,6.631504794923899
2024-01-06 21:00:00+06:00,0.0,7.094574850096518,5.021939761523825
2024-01-06 22:00:00+06:00,0.0,3.354286053410535,4.935359248308021
2024-01-06 23:00:00+06:00,0.0,0.0,4.866527482685162
2024-01-07 00:00:00+06:00,0.0,0.0,3.8200645997752782
2024-01-07 01:00:00+06:00,0.0,0.0,4.323260025077121
2024-01-07 02:00:00+06:00,0.0,0.0,4.993265345869487
2024-01-07 03:00:00+06:00,0.0,0.0,5.6192495925650885
2024-01-07 04:00:00+06:00,0.0,0.0,6.425340375856666
2024-01-07 05:00:00+06:00,0.0,0.0,7.254727279916623
2024-01-07 06:00:00+06:00,0.0,0.0,8.814588234192662
2024-01-07 07:00:00+06:00,0.0,0.0,9.918775469774275
2024-01-07 08:00:00+06:00,0.0,1.8787188300329027,10.203961181911742
2024-01-07 09:00:00+06:00,0.0,0.0,11.351783814907817
2024-01-07 10:00:00+06:00,1.8481741228310795,0.0,12.346465019526715
2024-01-07 11:00:00+06:00,3.825285883981766,0.0,12.191351676121595
2024-01-07 12:00:00+06:00,5.067000475732542,5.347193227103489,12.913657719848176
2024-01-07 13:00:00+06:00,5.518482803071,18.46454879518903,12.697036819893933
2024-01-07 14:00:00+06:00,5.42731480875695,20.50401465692013,12.097209497999254
2024-01-07 15:00:00+06:00,4.617309011246193,13.765323759068995,11.170511544986885
2024-01-07 16:00:00+06:00,2.9751546320995184,8.92880389419204,11.112503435354956
2024-01-07 17:00:00+06:00,0.4785304738780773,2.1555805515146953,9.360572340314045
2024-01-07 18:00:00+06:00,0.0,9.39757018751752,8.584305214824424
2024-01-07 19:00:00+06:00,0.0,3.847045033891956,7.834562917044497
2024-01-07 20:00:00+06:00,0.0,9.176575009718823,6.936398279875851
2024-01-07 21:00:00+06:00,0.0,6.233196534120636,5.771733084008354
2024-01-07 22:00:00+06:00,0.0,20.4938954777817,4.524856793359046
2024-01-07 23:00:00+06:00,0.0,26.021110481790895,4.4008082368811285
2024-01-08 00:00:00+06:00,0.0,13.21814654270131,5.370217936601407
2024-01-08 01:00:00+06:00,0.0,2.429595636189749,5.553843528393625
2024-01-08 02:00:00+06:00,0.0,4.944308539765239,6.050113551861335
2024-01-08 03:00:00+06:00,0.0,0.0,7.162265990698127
2024-01-08 04:00:00+06:00,0.0,0.0,7.809665203575145
2024-01-08 05:00:00+06:00,0.0,4.349087595915889,8.99079873302126
2024-01-08 06:00:00+06:00,0.0,0.0,9.926330500133306
2024-01-08 07:00:00+06:00,0.0,1.746000813168291,11.534879819522587
2024-01-08 08:00:00+06:00,0.0,1.6376851375059156,12.208127189858912
2024-01-08 09:00:00+06:00,0.0,0.0,13.930831274813126
2024-01-08 10:00:00+06:00,1.9211347556934906,0.0,14.7874933213642
2024-01-08 11:00:00+06:00,4.002671456247113,4.884264096669767,15.891021776699716
2024-01-08 12:00:00+06:00,5.220392096238278,3.7574940156785765,15.151244759776072
2024-01-08 13:00:00+06:00,5.826895607007231,2.358910542863365,15.18714713005042
2024-01-08 14:00:00+06:00,5.644846317146453,1.9228514227809146,14.841954699467776
2024-01-08 15:00:00+06:00,4.739214756065797,2.2589355986455257,14.145985749485215
2024-01-08 16:00:00+06:00,3.101334489661421,2.458255979952565,12.969402911934576
2024-01-08 17:00:00+06:00,0.5383632655082148,1.268534925266479,11.472976099454058
2024-01-08 18:00:00+06:00,0.0,22.53630973679771,10.482004788232086
2024-01-08 19:00:00+06:00,0.0,47.5,8.485746680799004
2024-01-08 20:00:00+06:00,0.0,15.134657740181758,7.958905361997871
2024-01-08 21:00:00+06:00,0.0,8.903512554825925,6.583107368485075
2024-01-08 22:00:00+06:00,0.0,4.150825120619778,5.747777459671372
2024-01-08 23:00:00+06:00,0.0,2.227283063535889,5.473063841172807
2024-01-09 00:00:00+06:00,0.0,1.7749628764746277,5.11189479704404
2024-01-09 01:00:00+06:00,0.0,0.0,5.563615545678598
2024-01-09 02:00:00+06:00,0.0,3.5514396130097903,6.618825169605357
2024-01-09 03:00:00+06:00,0.0,0.0,6.388845054969468
2024-01-09 04:00:00+06:00,0.0,0.0,7.752387147892373
2024-01-09 05:00:00+06:00,0.0,0.0,8.419016583350915
2024-01-09 06:00:00+06:00,0.0,21.72453113038555,10.663676927673482
2024-01-09 07:00:00+06:00,0.0,3.5983240982963536,12.517099327554591
2024-01-09 08:00:00+06:00,0.0,0.0,12.639372537761231
2024-01-09 09:00:00+06:00,0.0,1.484981269490085,13.707734811072186
2024-01-09 10:00:00+06:00,1.9495303959212607,2.263413186879197,14.869492872579224
2024-01-09 11:00:00+06:00,4.024848280253444,2.0211127237402655,15.460216837254114
2024-01-09 12:00:00+06:00,5.362898764476125,0.0,15.0589257719938
2024-01-09 13:00:00+06:00,5.8279771787387284,0.0,15.142125411435854
2024-01-09 14:00:00+06:00,5.702716602775284,0.0,15.20517006772417
2024-01-09 15:00:00+06:00,4.826925010716499,1.3191236660371939,13.731398940736328
2024-01-09 16:00:00+06:00,3.1567238724960154,0.0,13.004079916090852
2024-01-09 17:00:00+06:00,0.5941101294888813,0.0,11.921220103120937
2024-01-09 18:00:00+06:00,0.0,1.9107472692349925,10.70184746733858
2024-01-09 19:00:00+06:00,0.0,4.144212236951909,8.786142513052532
2024-01-09 20:00:00+06:00,0.0,10.872888241894326,7.764207207837549
2024-01-09 21:00:00+06:00,0.0,9.222848088571952,6.650800102872922
2024-01-09 22:00:00+06:00,0.0,2.776275739897988,5.423813664479262
2024-01-09 23:00:00+06:00,0.0,3.248442325796765,5.299456436801052
2024-01-10 00:00:00+06:00,0.0,3.0353983797266073,5.11259765542793
2024-01-10 01:00:00+06:00,0.0,1.747099980428724,5.834157196397729
2024-01-10 02:00:00+06:00,0.0,5.8276129129695855,6.427496800905489
2024-01-10 03:00:00+06:00,0.0,6.406445155952212,6.772031905454775
2024-01-10 04:00:00+06:00,0.0,12.198989607833541,7.6954074204088325
2024-01-10 05:00:00+06:00,0.0,11.674155739523394,9.048518537146194
2024-01-10 06:00:00+06:00,0.0,6.431412041570111,10.541855231006732
2024-01-10 07:00:00+06:00,0.0,7.879702391442006,11.703161248498102
2024-01-10 08:00:00+06:00,0.0,6.665095926208768,12.77094750982166
2024-01-10 09:00:00+06:00,0.0,4.994236265864186,13.64223902887677
2024-01-10 10:00:00+06:00,1.9205221495220224,0.0,14.583321004243482
2024-01-10 11:00:00+06:00,3.9564892523286477,0.0,15.438513574138861
2024-01-10 12:00:00+06:00,5.306416339455868,4.843296587512807,15.391730389206575
2024-01-10 13:00:00+06:00,5.827929267036022,0.0,15.078355099264652
2024-01-10 14:00:00+06:00,5.759311457187492,0.0,15.099822152935293
2024-01-10 15:00:00+06:00,4.845004442424652,0.0,14.207325416719563
2024-01-10 16:00:00+06:00,3.175121571827753,14.346956521150922,12.72500516444374
2024-01-10 17:00:00+06:00,0.6443543443983343,12.035065921215727,11.739481465716402
2024-01-10 18:00:00+06:00,0.0,23.18712906344412,10.070782326998138
2024-01-10 19:00:00+06:00,0.0,15.379289146950454,9.07605234777239
2024-01-10 20:00:00+06:00,0.0,7.244486844638722,7.718948788360683
2024-01-10 21:00:00+06:00,0.0,2.279563158217614,7.0022215752546435
2024-01-10 22:00:00+06:00,0.0,9.228101427476323,6.157742152450144
2024-01-10 23:00:00+06:00,0.0,3.530969866388835,5.228665178770198
2024-01-11 00:00:00+06:00,0.0,10.540012233643655,5.439470087618779
2024-01-11 01:00:00+06:00,0.0,5.547930221056352,5.1624647292996055
2024-01-11 02:00:00+06:00,0.0,10.449396841512344,5.520580184451214
2024-01-11 03:00:00+06:00,0.0,1.2157730269073497,6.739291875136677
2024-01-11 04:00:00+06:00,0.0,4.6080049194779065,7.86782317644256
2024-01-11 05:00:00+06:00,0.0,4.397666658246127,9.179152815165958
2024-01-11 06:00:00+06:00,0.0,2.15245424812567,9.837579475016884
2024-01-11 07:00:00+06:00,0.0,0.0,11.501892662526144
2024-01-11 08:00:00+06:00,0.0,2.393902492164162,13.215066593396703
2024-01-11 09:00:00+06:00,0.0,3.1200742543659232,13.641284392742563
2024-01-11 10:00:00+06:00,2.023494989106499,3.2060462929633977,14.288616805515558
2024-01-11 11:00:00+06:00,4.111175754375685,2.334049458746079,15.219170521628099
2024-01-11 12:00:00+06:00,5.302043635290464,4.83563771099659,15.634495357715902
2024-01-11 13:00:00+06:00,5.960195324911259,3.0646112595528243,14.988750136536945
2024-01-11 14:00:00+06:00,5.741644523670968,3.5614470569075114,15.093139524125187
2024-01-11 15:00:00+06:00,4.871349959362181,11.517548056439528,13.946559095638564
2024-01-11 16:00:00+06:00,3.2464569911753753,4.583312470978217,12.756352601326288
2024-01-11 17:00:00+06:00,0.7126035354967039,2.6878193552606895,11.63361044128914
2024-01-11 18:00:00+06:00,0.0,5.846358145636187,10.423609750785989
2024-01-11 19:00:00+06:00,0.0,1.6208513629855519,8.83518765002283
2024-01-11 20:00:00+06:00,0.0,4.966694077811714,7.707528440839958
2024-01-11 21:00:00+06:00,0.0,1.18771865803717,6.3814014604638345
2024-01-11 22:00:00+06:00,0.0,7.676807540092723,5.681553664893957
2024-01-11 23:00:00+06:00,0.0,0.0,5.166639629862379
2024-01-12 00:00:00+06:00,0.0,0.0,5.066029864481331
2024-01-12 01:00:00+06:00,0.0,4.155920169071431,5.186413787134335
2024-01-12 02:00:00+06:00,0.0,0.0,5.720499190691246
2024-01-12 03:00:00+06:00,0.0,1.525770620711386,6.600502418145513
2024-01-12 04:00:00+06:00,0.0,0.0,7.347860432830458
2024-01-12 05:00:00+06:00,0.0,0.0,8.30094604201555
2024-01-12 06:00:00+06:00,0.0,1.929850611584031,9.947610086377113
2024-01-12 07:00:00+06:00,0.0,3.617960271679179,10.884326456021585
2024-01-12 08:00:00+06:00,0.0,2.769143486458468,12.980590555160346
2024-01-12 09:00:00+06:00,0.0,4.90259293593915,13.931065133490334
2024-01-12 10:00:00+06:00,1.9722801466461581,6.390204668173894,14.870469308226316
2024-01-12 11:00:00+06:00,4.036303613186545,4.598561712133681,15.136967365315847
2024-01-12 12:00:00+06:00,5.331271389923357,1.8009825418336844,15.05239436819955
2024-01-12 13:00:00+06:00,5.879695390882381,0.0,14.79652500259656
2024-01-12 14:00:00+06:00,5.679590432576144,0.0,14.71119691026355
2024-01-12 15:00:00+06:00,4.86723097552418,12.374740080590758,13.60211051146382
2024-01-12 16:00:00+06:00,3.2763805650073423,4.067152442650531,12.398272331996196
2024-01-12 17:00:00+06:00,0.7759500474836696,0.0,11.733890792261427
2024-01-12 18:00:00+06:00,0.0,6.205818024815086,10.101507962558198
2024-01-12 19:00:00+06:00,0.0,14.614136164237681,8.649895887306316
2024-01-12 20:00:00+06:00,0.0,32.64390869224633,7.914065482056775
2024-01-12 21:00:00+06:00,0.0,9.30521632507126,6.492311028755599
2024-01-12 22:00:00+06:00,0.0,3.264747663444293,5.417603459688437
2024-01-12 23:00:00+06:00,0.0,0.0,5.889639942037859
2024-01-13 00:00:00+06:00,0.0,8.194781483967425,4.620854562260397
2024-01-13 01:00:00+06:00,0.0,6.1873922356997655,4.0452882801083065
2024-01-13 02:00:00+06:00,0.0,16.10472058011194,4.481184467487598
2024-01-13 03:00:00+06:00,0.0,3.0889170304393923,5.103180025921057
2024-01-13 04:00:00+06:00,0.0,15.379640775237464,6.146772655674758
2024-01-13 05:00:00+06:00,0.0,2.001587435435837,7.16898615684139
2024-01-13 06:00:00+06:00,0.0,1.7620416662023748,8.263699769792572
2024-01-13 07:00:00+06:00,0.0,1.4395589471263606,9.161088049676454
2024-01-13 08:00:00+06:00,0.0,1.863868089329831,10.780707037538422
2024-01-13 09:00:00+06:00,0.0,3.995083423635282,11.029750037404403
2024-01-13 10:00:00+06:00,2.0471584192048997,1.4183706050761316,11.673157650558124
2024-01-13 11:00:00+06:00,4.044271337040702,0.0,12.311202812467391
2024-01-13 12:00:00+06:00,5.212694171144479,8.449538543745568,12.70750065846989
2024-01-13 13:00:00+06:00,5.898244508349059,2.454212659989079,12.312875742314738
2024-01-13 14:00:00+06:00,5.624868478468708,5.898295350778385,11.62329044113235
2024-01-13 15:00:00+06:00,4.889299744797105,3.047027101750757,10.725352851322162
2024-01-13 16:00:00+06:00,3.276527301931856,2.058048634815612,10.78239868144541
2024-01-13 17:00:00+06:00,0.8259486294508209,6.325159612367942,9.530825642447896
2024-01-13 18:00:00+06:00,0.0,3.0871201658568017,8.566259669714304
2024-01-13 19:00:00+06:00,0.0,2.0116634072698103,7.500599250971819
2024-01-13 20:00:00+06:00,0.0,8.406626075327619,6.803390074573075
2024-01-13 21:00:00+06:00,0.0,18.502969509534427,5.755417044828492
2024-01-13 22:00:00+06:00,0.0,2.296868858192196,5.389443339764157
2024-01-13 23:00:00+06:00,0.0,1.5955178857274923,4.158161696511996
2024-01-14 00:00:00+06:00,0.0,1.7389684390984592,4.006268358533178
2024-01-14 01:00:00+06:00,0.0,0.0,4.711025591123464
2024-01-14 02:00:00+06:00,0.0,0.0,4.537051746455789
2024-01-14 03:00:00+06:00,0.0,16.20842378954346,5.328979011709473
2024-01-14 04:00:00+06:00,0.0,8.040098394984462,6.582547710071493
2024-01-14 05:00:00+06:00,0.0,20.58209342625253,7.395327579790187
2024-01-14 06:00:00+06:00,0.0,6.704101104721813,8.761874634171903
2024-01-14 07:00:00+06:00,0.0,3.2696902867879776,8.9674110814442
2024-01-14 08:00:00+06:00,0.0,0.0,10.438387129174638
2024-01-14 09:00:00+06:00,0.0,1.6121601122563198,11.147994241959061
2024-01-14 10:00:00+06:00,2.065207473672853,0.0,11.75944171839665
2024-01-14 11:00:00+06:00,4.134036193867398,0.0,12.606078524683827
2024-01-14 12:00:00+06:00,5.387537205735942,0.0,12.384191453242957
2024-01-14 13:00:00+06:00,5.978531708709761,0.0,12.142930718101399
2024-01-14 14:00:00+06:00,5.911831359515428,2.8870772951995956,11.847314395079357
2024-01-14 15:00:00+06:00,5.054085330487885,5.622671103581945,11.086240834421794
2024-01-14 16:00:00+06:00,3.4581539965969186,3.9655744333415495,10.550358941080985
2024-01-14 17:00:00+06:00,0.9156484783886489,16.036933377328573,8.837462059511047
2024-01-14 18:00:00+06:00,0.0,12.538397880186839,8.269811193514846
2024-01-14 19:00:00+06:00,0.0,5.715780311542689,7.704615652167185
2024-01-14 20:00:00+06:00,0.0,19.447798094993022,5.984550495572233
2024-01-14 21:00:00+06:00,0.0,3.0451530774647786,5.305294698815919
2024-01-14 22:00:00+06:00,0.0,2.8970410241554756,4.403390150921442
2024-01-14 23:00:00+06:00,0.0,0.0,4.491358369658317
2024-01-15 00:00:00+06:00,0.0,3.6889117345334443,4.924735529216107
2024-01-15 01:00:00+06:00,0.0,18.19784372801527,5.115681449881408
2024-01-15 02:00:00+06:00,0.0,5.366767441217951,5.740849752887426
2024-01-15 03:00:00+06:00,0.0,1.7081171389119412,6.187114639463499
2024-01-15 04:00:00+06:00,0.0,0.0,7.677272122597711
2024-01-15 05:00:00+06:00,0.0,0.0,9.071508822457329
2024-01-15 06:00:00+06:00,0.0,0.0,10.262222413899325
2024-01-15 07:00:00+06:00,0.0,0.0,11.165057624844657
2024-01-15 08:00:00+06:00,0.0,5.913072759052224,12.774683614441265
2024-01-15 09:00:00+06:00,0.0,2.4196231599340283,13.55417436996577
2024-01-15 10:00:00+06:00,2.1820295463099386,3.5957455857893357,14.977290804470849
2024-01-15 11:00:00+06:00,4.26869007041665,1.2448950469080067,14.96851956509267
2024-01-15 12:00:00+06:00,5.6601385317757025,1.9445097208328215,15.308959262277183
2024-01-15 13:00:00+06:00,6.086596340029702,0.0,15.01160739295594
2024-01-15 14:00:00+06:00,6.056855160406232,7.982558105084589,14.421644720258417
2024-01-15 15:00:00+06:00,5.1628580699097375,2.6872785732107562,13.410241322818742
2024-01-15 16:00:00+06:00,3.612195720853018,0.0,12.738120294736294
2024-01-15 17:00:00+06:00,1.0033232669335697,5.094603966131617,11.285518809463808
2024-01-15 18:00:00+06:00,0.0,0.0,9.588438542154728
2024-01-15 19:00:00+06:00,0.0,0.0,8.78500242490269
2024-01-15 20:00:00+06:00,0.0,5.75318157562763,7.141144918815613
2024-01-15 21:00:00+06:00,0.0,2.7866652169016564,6.8060913237971326
2024-01-15 22:00:00+06:00,0.0,13.823858302268578,5.2547297471837116
2024-01-15 23:00:00+06:00,0.0,4.191033990018121,5.057679405989623
2024-01-16 00:00:00+06:00,0.0,2.0955736891299077,4.68293293362373
2024-01-16 01:00:00+06:00,0.0,10.776467253717982,4.918488138644927
2024-01-16 02:00:00+06:00,0.0,6.5293771645168786,5.467992312271955
2024-01-16 03:00:00+06:00,0.0,9.820862284147399,6.248535378936512
2024-01-16 04:00:00+06:00,0.0,8.594744958505913,7.400648050756465
2024-01-16 05:00:00+06:00,0.0,5.598630539902915,8.431859926522778
2024-01-16 06:00:00+06:00,0.0,5.0854882194947475,10.223338485907014
2024-01-16 07:00:00+06:00,0.0,0.0,11.616308678953565
2024-01-16 08:00:00+06:00,0.0,0.0,12.703103584104987
2024-01-16 09:00:00+06:00,0.0,0.0,13.80781423060217
2024-01-16 10:00:00+06:00,2.1527627104862934,0.0,14.490888181164115
2024-01-16 11:00:00+06:00,4.1701424066888615,0.0,15.470864039122375
2024-01-16 12:00:00+06:00,5.428245931855974,0.0,14.719641591409085
2024-01-16 13:00:00+06:00,5.907971808156008,0.0,15.077896662979986
2024-01-16 14:00:00+06:00,5.82449911393523,5.071806031549423,14.644621606139216
2024-01-16 15:00:00+06:00,4.954349717380241,3.7712948986643897,13.399147688487664
2024-01-16 16:00:00+06:00,3.471538346443819,1.8293731355778173,12.459500085719698
2024-01-16 17:00:00+06:00,1.0428923735112305,16.61275721016948,11.584168203736745
2024-01-16 18:00:00+06:00,0.0,6.701543250101272,9.527060942944239
2024-01-16 19:00:00+06:00,0.0,12.238202925926489,9.206889279970094
2024-01-16 20:00:00+06:00,0.0,7.232807068256244,7.404684096333729
2024-01-16 21:00:00+06:00,0.0,12.697078428542397,6.284363291975177
2024-01-16 22:00:00+06:00,0.0,12.811034189622223,5.606331542345663
2024-01-16 23:00:00+06:00,0.0,26.05488985248914,5.378372720612268
2024-01-17 00:00:00+06:00,0.0,6.644705474845477,4.647964614523726
2024-01-17 01:00:00+06:00,0.0,4.867721532103546,5.435112281310582
2024-01-17 02:00:00+06:00,0.0,2.189429920633948,5.313322487988559
2024-01-17 03:00:00+06:00,0.0,2.259025346510936,6.438133853412794
2024-01-17 04:00:00+06:00,0.0,4.3562482334057,7.885543248809172
2024-01-17 05:00:00+06:00,0.0,1.3538341031740408,8.775850466734028
2024-01-17 06:00:00+06:00,0.0,0.0,9.979390072548005
2024-01-17 07:00:00+06:00,0.0,0.0,11.388613980307795
2024-01-17 08:00:00+06:00,0.0,0.0,11.840324947150787
2024-01-17 09:00:00+06:00,0.0,0.0,13.278509705192532
2024-01-17 10:00:00+06:00,2.174782182362441,0.0,14.340684889037753
2024-01-17 11:00:00+06:00,4.24864508029036,0.0,14.831772762318744
2024-01-17 12:00:00+06:00,5.491208051796724,0.0,15.321408268017978
2024-01-17 13:00:00+06:00,6.091920370776319,3.8128597452721027,14.483346691490292
2024-01-17 14:00:00+06:00,5.95737659326969,2.4796904662010557,14.327380362129759
2024-01-17 15:00:00+06:00,5.211046904603114,2.1433329575165625,13.630711693802105
2024-01-17 16:00:00+06:00,3.616986613024403,2.192596992930931,12.361784535505793
2024-01-17 17:00:00+06:00,1.1270644469664748,0.0,11.138655591674134
2024-01-17 18:00:00+06:00,0.0,6.373951570931,10.017038465506884
2024-01-17 19:00:00+06:00,0.0,1.646810028665889,8.663730902425998
2024-01-17 20:00:00+06:00,0.0,5.365141689136981,6.984110220702771
2024-01-17 21:00:00+06:00,0.0,0.0,6.305727414666489
2024-01-17 22:00:00+06:00,0.0,4.739380610363752,6.177726493713427
2024-01-17 23:00:00+06:00,0.0,5.874757663949064,5.167785466703643
2024-01-18 00:00:00+06:00,0.0,8.14293208033571,4.956683765699612
2024-01-18 01:00:00+06:00,0.0,6.207736769378223,5.358720310598229
2024-01-18 02:00:00+06:00,0.0,2.9141356997261307,5.837495501598509
2024-01-18 03:00:00+06:00,0.0,0.0,6.127120374815922
2024-01-18 04:00:00+06:00,0.0,9.505298180341397,7.496235611038989
2024-01-18 05:00:00+06:00,0.0,3.4555558968857634,8.892829133006874
2024-01-18 06:00:00+06:00,0.0,4.180047647229799,9.586203927651315
2024-01-18 07:00:00+06:00,0.0,3.410542715564224,11.493697263344636
2024-01-18 08:00:00+06:00,0.0,2.669693020797235,12.641256932377019
2024-01-18 09:00:00+06:00,0.0,1.729455893561314,13.57549231704969
2024-01-18 10:00:00+06:00,2.2425018508422028,0.0,14.838952236626518
2024-01-18 11:00:00+06:00,4.2695913226596085,7.633751571930874,15.050338641268869
2024-01-18 12:00:00+06:00,5.580776548547104,1.941712236875566,15.339407772793823
2024-01-18 13:00:00+06:00,6.236634078501455,6.294659435811851,14.753236061127206
2024-01-18 14:00:00+06:00,6.062880788011101,2.486009923152399,14.804841830096986
2024-01-18 15:00:00+06:00,5.292726131965476,22.52107437748735,13.18106422967561
2024-01-18 16:00:00+06:00,3.7021204287781595,14.97022020789497,12.346293660428646
2024-01-18 17:00:00+06:00,1.213364511471822,6.858189446994782,11.00003374152777
2024-01-18 18:00:00+06:00,0.0,2.767746887856629,9.367921348711338
2024-01-18 19:00:00+06:00,0.0,4.129812948355822,8.704524554466404
2024-01-18 20:00:00+06:00,0.0,0.0,7.585508269651191
2024-01-18 21:00:00+06:00,0.0,3.551692710472249,6.216904660437356
2024-01-18 22:00:00+06:00,0.0,0.0,5.005009863341019
2024-01-18 23:00:00+06:00,0.0,1.8941988949396324,5.098120638833403
2024-01-19 00:00:00+06:00,0.0,1.2432473562087907,5.212652513497371
2024-01-19 01:00:00+06:00,0.0,2.5693672381006385,4.6987897475222535
2024-01-19 02:00:00+06:00,0.0,2.351477356242035,5.579711670769309
2024-01-19 03:00:00+06:00,0.0,0.0,6.205295157440449
2024-01-19 04:00:00+06:00,0.0,7.920766382330265,7.606915218790091
2024-01-19 05:00:00+06:00,0.0,3.7573029574084025,8.726541293824603
2024-01-19 06:00:00+06:00,0.0,8.312345319933732,9.114814447427932
2024-01-19 07:00:00+06:00,0.0,3.143618563040461,11.255962313081099
2024-01-19 08:00:00+06:00,0.0,1.5302447939890316,12.116659818301713
2024-01-19 09:00:00+06:00,0.0,2.452167305577525,13.4313060588754
2024-01-19 10:00:00+06:00,2.318595410326357,3.1216864868491574,14.18110276005299
2024-01-19 11:00:00+06:00,4.386814917534093,5.92025947655472,15.093871172833262
2024-01-19 12:00:00+06:00,5.7042122945088565,1.3060762606039549,15.07335571083167
2024-01-19 13:00:00+06:00,6.389033301585132,18.01365818166435,14.869537310167159
2024-01-19 14:00:00+06:00,6.154792463076591,9.491610037858402,14.17257029165046
2024-01-19 15:00:00+06:00,5.373676009798488,9.185961272811054,13.687672338183994
2024-01-19 16:00:00+06:00,3.7469056785031,20.392510733943713,12.35082872826909
2024-01-19 17:00:00+06:00,1.290980359633511,3.2041860616211713,10.905933515324124
2024-01-19 18:00:00+06:00,0.0,16.94703339772903,9.888233381289757
2024-01-19 19:00:00+06:00,0.0,3.7337321359205387,8.65601562738658
2024-01-19 20:00:00+06:00,0.0,4.1064708373882315,7.338397670756573
2024-01-19 21:00:00+06:00,0.0,9.923409278515393,6.684377622182714
2024-01-19 22:00:00+06:00,0.0,0.0,5.8806220119553165
2024-01-19 23:00:00+06:00,0.0,0.0,5.70839251781376
2024-01-20 00:00:00+06:00,0.0,3.155890360917306,3.7675682673152675
2024-01-20 01:00:00+06:00,0.0,0.0,4.126641821978032
2024-01-20 02:00:00+06:00,0.0,2.9208073054061825,4.505319922052253
2024-01-20 03:00:00+06:00,0.0,6.908092717393801,4.787869928820386
2024-01-20 04:00:00+06:00,0.0,5.321653285783217,6.344859051877165
2024-01-20 05:00:00+06:00,0.0,3.9294549839629638,7.073311106368309
2024-01-20 06:00:00+06:00,0.0,1.5703582042913642,8.03839838990979
2024-01-20 07:00:00+06:00,0.0,2.7185071029094408,9.0025551603608
2024-01-20 08:00:00+06:00,0.0,2.2276487822412423,9.784284062120761
2024-01-20 09:00:00+06:00,0.0,0.0,10.464688124778093
2024-01-20 10:00:00+06:00,2.2758294143336277,0.0,12.190004751186782
2024-01-20 11:00:00+06:00,4.191308422143072,0.0,12.01980725167336
2024-01-20 12:00:00+06:00,5.470174636433226,3.4758611713638436,11.721304078087087
2024-01-20 13:00:00+06:00,6.083387762026817,0.0,12.555389923930267
2024-01-20 14:00:00+06:00,5.942283391738124,2.6565436816747066,11.182764352453914
2024-01-20 15:00:00+06:00,5.152778824790119,2.22861795700147,11.444346873627413
2024-01-20 16:00:00+06:00,3.6690787236240983,4.748912726541913,10.142424696867337
2024-01-20 17:00:00+06:00,1.3084329036017992,4.519184163503408,8.782007180588778
2024-01-20 18:00:00+06:00,0.0,10.240306683003107,7.799878904802168
2024-01-20 19:00:00+06:00,0.0,3.5518734973970045,6.802216477533248
2024-01-20 20:00:00+06:00,0.0,11.596519378250157,5.7902467385579
2024-01-20 21:00:00+06:00,0.0,1.5749562748968606,5.801537151554405
2024-01-20 22:00:00+06:00,0.0,0.0,4.533937517864488
2024-01-20 23:00:00+06:00,0.0,0.0,4.212281479413795
2024-01-21 00:00:00+06:00,0.0,2.188642500926521,3.6669607877785615
2024-01-21 01:00:00+06:00,0.0,1.5966100337490778,4.470449463687366
2024-01-21 02:00:00+06:00,0.0,3.794806254053256,4.513511254547561
2024-01-21 03:00:00+06:00,0.0,3.12033179406728,5.151597717054431
2024-01-21 04:00:00+06:00,0.0,0.0,5.9183369047226355
2024-01-21 05:00:00+06:00,0.0,1.593578901371963,6.936838260145096
2024-01-21 06:00:00+06:00,0.0,6.477970248987183,7.992342748966874
2024-01-21 07:00:00+06:00,0.0,8.926062723814708,9.066013970181649
2024-01-21 08:00:00+06:00,0.0,1.7861036176797966,10.640510303709945
2024-01-21 09:00:00+06:00,0.0,0.0,11.397275703994364
2024-01-21 10:00:00+06:00,2.3527985677566994,1.9591234870859562,11.34701912456755
2024-01-21 11:00:00+06:00,4.407101930031042,1.4584291655518804,12.115112209658514
2024-01-21 12:00:00+06:00,5.728199938322694,7.563398706410606,12.22056157310556
2024-01-21 13:00:00+06:00,6.259366611780798,3.992940375377769,11.819164766211383
2024-01-21 14:00:00+06:00,6.228173508601587,4.891989693239298,11.234347952571914
2024-01-21 15:00:00+06:00,5.382365069475252,0.0,11.571374702497572
2024-01-21 16:00:00+06:00,3.9062560706755454,0.0,10.608107685221349
2024-01-21 17:00:00+06:00,1.448363135042123,6.9316649917356346,9.197841206288748
2024-01-21 18:00:00+06:00,0.0,23.109907209234727,7.587159773504615
2024-01-21 19:00:00+06:00,0.0,7.008303600710456,7.321516553495543
2024-01-21 20:00:00+06:00,0.0,5.694130385359971,6.001684056588348
2024-01-21 21:00:00+06:00,0.0,7.789713686471387,5.597049545334893
2024-01-21 22:00:00+06:00,0.0,2.341225259470411,4.7224636225939784
2024-01-21 23:00:00+06:00,0.0,2.477026578799301,4.2879964288536785
2024-01-22 00:00:00+06:00,0.0,2.731011004579246,5.309923176181638
2024-01-22 01:00:00+06:00,0.0,0.0,4.939888079968609
2024-01-22 02:00:00+06:00,0.0,0.0,5.45779603991679
2024-01-22 03:00:00+06:00,0.0,4.201208066606808,6.278300326709532
2024-01-22 04:00:00+06:00,0.0,4.887533937465921,7.638080310185541
2024-01-22 05:00:00+06:00,0.0,6.1041034170265895,8.904994327756713
2024-01-22 06:00:00+06:00,0.0,5.734889800858076,9.551294227914237
2024-01-22 07:00:00+06:00,0.0,7.323554635127003,10.914874253167472
2024-01-22 08:00:00+06:00,0.0,3.2770875748554484,12.251123140495134
2024-01-22 09:00:00+06:00,0.0,2.117415732606517,13.369112323928444
2024-01-22 10:00:00+06:00,2.4550563842213657,0.0,13.861417771074928
2024-01-22 11:00:00+06:00,4.528568119000944,0.0,14.85101211585363
2024-01-22 12:00:00+06:00,5.843703058354791,1.7351923937840195,14.522813123934913
2024-01-22 13:00:00+06:00,6.443111798622751,1.4437678016392816,14.728215305849162
2024-01-22 14:00:00+06:00,6.3470158967633195,2.353219738003531,14.15793931903499
2024-01-22 15:00:00+06:00,5.490421419942388,0.0,13.42306388065275
2024-01-22 16:00:00+06:00,4.0136218877415155,2.976548224403397,12.9141860430198
2024-01-22 17:00:00+06:00,1.557016740561958,3.118777795672236,11.62760166321736
2024-01-22 18:00:00+06:00,0.0,1.3520825386548894,9.661919048479012
2024-01-22 19:00:00+06:00,0.0,0.0,8.277570178103378
2024-01-22 20:00:00+06:00,0.0,2.296036988817661,7.328555832392818
2024-01-22 21:00:00+06:00,0.0,14.71863581322388,6.8283123636405945
2024-01-22 22:00:00+06:00,0.0,3.852548480201009,5.185763392058886
2024-01-22 23:00:00+06:00,0.0,3.0054766625169727,4.978617120799434
2024-01-23 00:00:00+06:00,0.0,7.001104327560517,5.247782552731564
2024-01-23 01:00:00+06:00,0.0,6.497469201666869,4.813693705789496
2024-01-23 02:00:00+06:00,0.0,5.524633849053581,5.251273457801996
2024-01-23 03:00:00+06:00,0.0,3.68293077362666,5.840481083812309
2024-01-23 04:00:00+06:00,0.0,7.56349880490572,7.788796686218189
2024-01-23 05:00:00+06:00,0.0,6.688001743002387,8.706298929059807
2024-01-23 06:00:00+06:00,0.0,4.121555135416482,9.717695428800315
2024-01-23 07:00:00+06:00,0.0,2.0075289486606342,11.124993680775999
2024-01-23 08:00:00+06:00,0.0,2.5370981067277403,12.005994813810847
2024-01-23 09:00:00+06:00,0.0,0.0,13.178629271934371
2024-01-23 10:00:00+06:00,2.5687322771747514,1.2951500362430854,13.767188011149644
2024-01-23 11:00:00+06:00,4.635598814304846,0.0,14.151261158285154
2024-01-23 12:00:00+06:00,5.936271951612524,3.6280281616563457,14.833119106409534
2024-01-23 13:00:00+06:00,6.506516507364411,5.653986632115358,14.783602245282669
2024-01-23 14:00:00+06:00,6.3542132673526845,3.045836572402511,14.632841633549244
2024-01-23 15:00:00+06:00,5.591327902680067,3.868484743658741,13.757061108854723
2024-01-23 16:00:00+06:00,4.039953041563356,3.8145945334189078,12.081082454288161
2024-01-23 17:00:00+06:00,1.6257062006695058,2.2987804167758337,10.410194490399983
2024-01-23 18:00:00+06:00,0.0,4.945850990478949,9.944850547253763
2024-01-23 19:00:00+06:00,0.0,4.689235721991997,8.127727678368013
2024-01-23 20:00:00+06:00,0.0,4.716917875050514,7.936567126021631
2024-01-23 21:00:00+06:00,0.0,6.074068884124496,6.783072197350496
2024-01-23 22:00:00+06:00,0.0,12.66161351614216,5.445443173468923
2024-01-23 23:00:00+06:00,0.0,3.386807599429997,5.105441015713666
2024-01-24 00:00:00+06:00,0.0,7.828575198929628,4.628134892153464
2024-01-24 01:00:00+06:00,0.0,15.726083730589854,5.173547137836343
2024-01-24 02:00:00+06:00,0.0,9.427000894350808,5.561010802925459
2024-01-24 03:00:00+06:00,0.0,5.338868015741816,6.251436634716672
2024-01-24 04:00:00+06:00,0.0,7.9510018487645455,7.278038269551549
2024-01-24 05:00:00+06:00,0.0,1.2439191800368468,9.146154240426593
2024-01-24 06:00:00+06:00,0.0,0.0,10.051208276083534
2024-01-24 07:00:00+06:00,0.0,1.2247808732708683,10.830802060375293
2024-01-24 08:00:00+06:00,0.0,1.395552532364711,12.476458794448975
2024-01-24 09:00:00+06:00,0.0,1.3874479519657787,12.756790785827532
2024-01-24 10:00:00+06:00,2.585993401460024,0.0,13.774566778108468
2024-01-24 11:00:00+06:00,4.702393072028112,2.0780699337464372,14.59233841942515
2024-01-24 12:00:00+06:00,5.93771437018711,2.923406421830259,14.46766260800537
2024-01-24 13:00:00+06:00,6.556525326475462,7.36289646354555,14.343641145284815
2024-01-24 14:00:00+06:00,6.495396070829895,1.9139009548690447,14.06535348557133
2024-01-24 15:00:00+06:00,5.702696275781347,0.0,13.480564480680261
2024-01-24 16:00:00+06:00,4.120615865436734,0.0,12.251226749230758
2024-01-24 17:00:00+06:00,1.7130362964043089,4.89926580823744,11.256563642390793
2024-01-24 18:00:00+06:00,0.0,10.42335227234362,9.513017594990735
2024-01-24 19:00:00+06:00,0.0,2.9106612023667413,8.573923055144567
2024-01-24 20:00:00+06:00,0.0,0.0,7.17920432991928
2024-01-24 21:00:00+06:00,0.0,5.0530817659644285,6.230000431466696
2024-01-24 22:00:00+06:00,0.0,5.5060636666243985,5.325425318469222
2024-01-24 23:00:00+06:00,0.0,4.424276178718741,4.996449163988801
2024-01-25 00:00:00+06:00,0.0,4.527958794107735,4.929992429814155
2024-01-25 01:00:00+06:00,0.0,3.9030307072508976,5.3734945428065
2024-01-25 02:00:00+06:00,0.0,5.38068566381243,5.3790681308425725
2024-01-25 03:00:00+06:00,0.0,0.0,6.319925893697795
2024-01-25 04:00:00+06:00,0.0,5.637876220417323,7.444765573858679
2024-01-25 05:00:00+06:00,0.0,0.0,8.726953964013362
2024-01-25 06:00:00+06:00,0.0,7.193473632702987,9.61887353312829
2024-01-25 07:00:00+06:00,0.0,8.141952724157298,11.334014672793424
2024-01-25 08:00:00+06:00,0.0,5.492835994461876,12.370797284388813
2024-01-25 09:00:00+06:00,0.11630443872345544,6.1931857142758995,13.629174231804335
2024-01-25 10:00:00+06:00,2.554106720475389,4.215771845312782,14.177181877448481
2024-01-25 11:00:00+06:00,4.528891341117865,1.3982150298548952,14.765264343789898
2024-01-25 12:00:00+06:00,5.782591353543061,0.0,15.044859677673754
2024-01-25 13:00:00+06:00,6.277983552366302,4.06534597394379,14.266670292317022
2024-01-25 14:00:00+06:00,6.285127756695628,4.281112751523749,14.674621235018726
2024-01-25 15:00:00+06:00,5.489134494308088,7.368760640795775,12.99565372245526
2024-01-25 16:00:00+06:00,3.944617913506874,19.389559102815834,12.022682307330085
2024-01-25 17:00:00+06:00,1.7159030221641418,4.2343963333024695,10.251269218289982
2024-01-25 18:00:00+06:00,0.0,3.027516201432224,9.818397185444843
2024-01-25 19:00:00+06:00,0.0,6.122867094394381,8.574617391190545
2024-01-25 20:00:00+06:00,0.0,6.566311231657655,6.440666911559142
2024-01-25 21:00:00+06:00,0.0,1.9387910213777064,6.3547473776454515
2024-01-25 22:00:00+06:00,0.0,3.356412834101757,5.802494367349368
2024-01-25 23:00:00+06:00,0.0,3.087597382682501,4.812241312999066
2024-01-26 00:00:00+06:00,0.0,21.09722508097266,4.664108441932102
2024-01-26 01:00:00+06:00,0.0,1.6013416120706463,5.175783707763247
2024-01-26 02:00:00+06:00,0.0,1.4047418449532754,5.488374313888592
2024-01-26 03:00:00+06:00,0.0,0.0,5.592663593817446
2024-01-26 04:00:00+06:00,0.0,1.9567239651085568,7.268128295060694
2024-01-26 05:00:00+06:00,0.0,1.8223871770994349,8.260507003696045
2024-01-26 06:00:00+06:00,0.0,5.88947377939125,9.934467440223314
2024-01-26 07:00:00+06:00,0.0,10.163976052867893,11.5218934988482
2024-01-26 08:00:00+06:00,0.0,2.0926185422318024,12.746388164371158
2024-01-26 09:00:00+06:00,0.13945635790627176,2.4685381506418422,13.427479319047093
2024-01-26 10:00:00+06:00,2.580364878447578,0.0,13.52551517706264
2024-01-26 11:00:00+06:00,4.545423441737744,0.0,14.794500656185653
2024-01-26 12:00:00+06:00,5.8482235432266565,8.439192530474699,14.381106949521628
2024-01-26 13:00:00+06:00,6.386613596238872,0.0,14.860424644768731
2024-01-26 14:00:00+06:00,6.325015978598694,1.9964879911801696,13.599477113955338
2024-01-26 15:00:00+06:00,5.609078609158752,1.9621095083810285,13.024466393132622
2024-01-26 16:00:00+06:00,4.061440509150765,0.0,11.899515343034654
2024-01-26 17:00:00+06:00,1.7964749703284069,1.8532284297076824,10.989147415223389
2024-01-26 18:00:00+06:00,0.0,34.272309325355984,9.675457447366554
2024-01-26 19:00:00+06:00,0.0,3.004500659198191,8.104446483222688
2024-01-26 20:00:00+06:00,0.0,0.0,7.602550667779969
2024-01-26 21:00:00+06:00,0.0,2.6485673294447145,6.216750006978148
2024-01-26 22:00:00+06:00,0.0,3.095733771090102,5.6420907892596075
2024-01-26 23:00:00+06:00,0.0,3.971047220220816,4.53082501396459
2024-01-27 00:00:00+06:00,0.0,2.7039538642094114,3.9125835275457113
2024-01-27 01:00:00+06:00,0.0,26.19832097078493,4.482899784908298
2024-01-27 02:00:00+06:00,0.0,8.65072144475114,4.724970379274453
2024-01-27 03:00:00+06:00,0.0,2.854136273798089,5.092524992515196
2024-01-27 04:00:00+06:00,0.0,0.0,5.989222567660671
2024-01-27 05:00:00+06:00,0.0,0.0,6.815081857682651
2024-01-27 06:00:00+06:00,0.0,0.0,7.818752658920211
2024-01-27 07:00:00+06:00,0.0,0.0,9.283378276354183
2024-01-27 08:00:00+06:00,0.0,8.688911627813145,9.676852820487074
2024-01-27 09:00:00+06:00,0.17147768701146474,3.186555796174102,10.620796317343245
2024-01-27 10:00:00+06:00,2.6776357009738367,4.0590165314642634,10.88379049722287
2024-01-27 11:00:00+06:00,4.716046552970637,3.3180877144543546,11.189551681091723
2024-01-27 12:00:00+06:00,6.023667534912579,5.428767374767189,11.347917631210967
2024-01-27 13:00:00+06:00,6.599780585432836,4.368659091186085,11.594665791268422
2024-01-27 14:00:00+06:00,6.420496422432142,11.348350377224557,10.917987853080856
2024-01-27 15:00:00+06:00,5.614409459350962,3.5627100194672696,10.718483646891386
2024-01-27 16:00:00+06:00,4.17447563902341,7.022895627608692,9.787862090350975
2024-01-27 17:00:00+06:00,1.860841727816658,13.921580303371849,8.51829174230229
2024-01-27 18:00:00+06:00,0.0,6.692237016056675,7.964105000142916
2024-01-27 19:00:00+06:00,0.0,3.0785013908642473,7.076883757332479
2024-01-27 20:00:00+06:00,0.0,2.8496129841235347,5.896585783057827
2024-01-27 21:00:00+06:00,0.0,14.373561265420715,4.624562971788033
2024-01-27 22:00:00+06:00,0.0,0.0,4.041969365421276
2024-01-27 23:00:00+06:00,0.0,0.0,3.6427665056609766
2024-01-28 00:00:00+06:00,0.0,0.0,4.0366225935527025
2024-01-28 01:00:00+06:00,0.0,4.688364678977656,3.539975559591956
2024-01-28 02:00:00+06:00,0.0,3.180544243052531,3.971476103797096
2024-01-28 03:00:00+06:00,0.0,1.4048723225971995,4.862442447224424
2024-01-28 04:00:00+06:00,0.0,3.8590129589023126,5.53559638402567
2024-01-28 05:00:00+06:00,0.0,4.699944040257387,6.980699103089272
2024-01-28 06:00:00+06:00,0.0,3.249592178988985,7.651554145134476
2024-01-28 07:00:00+06:00,0.0,0.0,8.766497313761944
2024-01-28 08:00:00+06:00,0.0,0.0,10.116068877833007
2024-01-28 09:00:00+06:00,0.19372469384758054,0.0,9.924017740457066
2024-01-28 10:00:00+06:00,2.618442026295982,0.0,11.563489872222014
2024-01-28 11:00:00+06:00,4.603082450659652,0.0,11.992309424019972
2024-01-28 12:00:00+06:00,5.90792220544145,2.7610277298802925,11.899100781607782
2024-01-28 13:00:00+06:00,6.375664595970311,0.0,11.57436655733734
2024-01-28 14:00:00+06:00,6.379709919467772,2.0403965900527776,10.950560218518925
2024-01-28 15:00:00+06:00,5.642458533605638,7.027275054790138,10.063792550095094
2024-01-28 16:00:00+06:00,4.186905159952153,11.719991520188152,9.705680694193152
2024-01-28 17:00:00+06:00,1.9628555515591242,4.506262914166525,8.453095257002257
2024-01-28 18:00:00+06:00,0.0,17.47058329286602,7.977855638330948
2024-01-28 19:00:00+06:00,0.0,12.002010170254183,6.446841102155507
2024-01-28 20:00:00+06:00,0.0,3.9148567767725693,6.723205104263321
2024-01-28 21:00:00+06:00,0.0,2.1071647184892113,5.63558575150402
2024-01-28 22:00:00+06:00,0.0,1.4666729014327473,4.099620120967947
2024-01-28 23:00:00+06:00,0.0,10.14489078598798,4.467879474701079
2024-01-29 00:00:00+06:00,0.0,4.816090192482742,5.083405275752728
2024-01-29 01:00:00+06:00,0.0,3.768611011662954,5.059575623492804
2024-01-29 02:00:00+06:00,0.0,10.432565190606908,5.116199467337322
2024-01-29 03:00:00+06:00,0.0,6.61581443874181,6.047073377421759
2024-01-29 04:00:00+06:00,0.0,5.115188414623773,7.470304671774064
2024-01-29 05:00:00+06:00,0.0,2.8200605641760337,7.947144123295277
2024-01-29 06:00:00+06:00,0.0,3.408284980190554,9.90160884670603
2024-01-29 07:00:00+06:00,0.0,0.0,9.985125989876883
2024-01-29 08:00:00+06:00,0.0,3.548685675648339,12.169826718397733
2024-01-29 09:00:00+06:00,0.23297461222446664,2.137930699255735,13.403683906058342
2024-01-29 10:00:00+06:00,2.765217032390109,2.6217510935601696,14.091505941666755
2024-01-29 11:00:00+06:00,4.810312989216955,1.5319364584064454,14.570876296604242
2024-01-29 12:00:00+06:00,6.052425166814439,5.952042931761201,13.933352086352876
2024-01-29 13:00:00+06:00,6.674238919256152,14.255637757565355,14.07066455496114
2024-01-29 14:00:00+06:00,6.574202521901591,15.260033956853988,13.558293122006102
2024-01-29 15:00:00+06:00,5.760260793732958,3.961422621527756,12.99686100793535
2024-01-29 16:00:00+06:00,4.348340754529446,3.282370115510841,12.158778247207547
2024-01-29 17:00:00+06:00,2.0683589145501857,6.784268433894141,10.906196726366023
2024-01-29 18:00:00+06:00,0.0,4.10895126733955,9.137893462338619
2024-01-29 19:00:00+06:00,0.0,3.9254726340964714,8.438708337913317
2024-01-29 20:00:00+06:00,0.0,12.580471675034282,6.838891428926293
2024-01-29 21:00:00+06:00,0.0,5.488418283706656,6.499025345650641
2024-01-29 22:00:00+06:00,0.0,3.1949130913615225,5.496914228318515
2024-01-29 23:00:00+06:00,0.0,2.3062755703215667,4.783700064416005
2024-01-30 00:00:00+06:00,0.0,1.348843760802817,4.942095637479654
2024-01-30 01:00:00+06:00,0.0,0.0,4.344606802421322
2024-01-30 02:00:00+06:00,0.0,4.3528438869219315,5.818113258314495
2024-01-30 03:00:00+06:00,0.0,0.0,5.862963303778502
2024-01-30 04:00:00+06:00,0.0,0.0,7.339063907742106
2024-01-30 05:00:00+06:00,0.0,5.710290762099729,8.075147618342424
2024-01-30 06:00:00+06:00,0.0,5.420126681459139,9.801232307274853
2024-01-30 07:00:00+06:00,0.0,2.0286759252873643,10.759551674774618
2024-01-30 08:00:00+06:00,0.0,0.0,11.693046923689366
2024-01-30 09:00:00+06:00,0.2713022761593518,5.582057370430714,12.94696763441787
2024-01-30 10:00:00+06:00,2.8188043385590467,5.596276148162348,13.700156165675047
2024-01-30 11:00:00+06:00,4.7532654436709105,6.097029868561061,14.114303138784104
2024-01-30 12:00:00+06:00,6.054779927539109,2.391126407230157,14.155652897943455
2024-01-30 13:00:00+06:00,6.660900015846067,1.19925395658199,14.166892085856613
2024-01-30 14:00:00+06:00,6.553295680087429,0.0,14.644614442552967
2024-01-30 15:00:00+06:00,5.79199718379317,3.5870783464459186,13.045068967502178
2024-01-30 16:00:00+06:00,4.401525729589825,0.0,12.395706778015906
2024-01-30 17:00:00+06:00,2.1197907125277986,0.0,11.13444549073447
2024-01-30 18:00:00+06:00,0.0,3.1099656397638173,9.760890719417233
2024-01-30 19:00:00+06:00,0.0,5.089317300016353,8.293244351041409
2024-01-30 20:00:00+06:00,0.0,5.403146544223167,6.919792445015262
2024-01-30 21:00:00+06:00,0.0,10.582332409376235,6.6593115335946536
2024-01-30 22:00:00+06:00,0.0,4.142526842395137,5.824274565645525
2024-01-30 23:00:00+06:00,0.0,15.054265261698092,5.05023556484094
2024-01-31 00:00:00+06:00,0.0,13.89529492529534,4.990475634579761
2024-01-31 01:00:00+06:00,0.0,4.970881736649447,4.96732221656144
2024-01-31 02:00:00+06:00,0.0,3.3248996407756706,5.532462110285792
2024-01-31 03:00:00+06:00,0.0,5.7640520617092,6.53410167259146
2024-01-31 04:00:00+06:00,0.0,0.0,7.296671498593265
2024-01-31 05:00:00+06:00,0.0,3.2020505159885277,8.291228945593193
2024-01-31 06:00:00+06:00,0.0,7.85269738286309,9.921831403763829
2024-01-31 07:00:00+06:00,0.0,0.0,10.54435400918959
2024-01-31 08:00:00+06:00,0.0,2.1020829767071434,11.886426868769737
2024-01-31 09:00:00+06:00,0.31334461572917827,0.0,13.30602473989859
2024-01-31 10:00:00+06:00,2.845340970268326,0.0,13.230328645151818
2024-01-31 11:00:00+06:00,4.803298177340708,0.0,13.858877139834323
2024-01-31 12:00:00+06:00,6.0486515064570465,4.248258236704961,14.328220381156353
2024-01-31 13:00:00+06:00,6.664236236973649,0.0,14.437418806397373
2024-01-31 14:00:00+06:00,6.5856572170464895,0.0,13.435583203335698
2024-01-31 15:00:00+06:00,5.804208896123902,1.3554410950420503,12.76301770535826
2024-01-31 16:00:00+06:00,4.3434110463566915,1.4720681027649065,12.106244502752087
2024-01-31 17:00:00+06:00,2.158448719581442,0.0,10.680117199177403
2024-01-31 18:00:00+06:00,0.0,2.3797475482314803,9.69614189626069
2024-01-31 19:00:00+06:00,0.0,0.0,8.198194425756853
2024-01-31 20:00:00+06:00,0.0,12.797886783745618,7.230054946716661
2024-01-31 21:00:00+06:00,0.0,3.5775847065214204,6.312639633223663
2024-01-31 22:00:00+06:00,0.0,5.6485955711388565,6.144481792493989
2024-01-31 23:00:00+06:00,0.0,22.17474167260514,4.559523639680327
2024-02-01 00:00:00+06:00,0.0,17.199650824990837,4.569309214907214
2024-02-01 01:00:00+06:00,0.0,3.4152815317907983,5.025251247772519
2024-02-01 02:00:00+06:00,0.0,0.0,4.521256502113442
2024-02-01 03:00:00+06:00,0.0,1.8590147359286195,6.663611675533339
2024-02-01 04:00:00+06:00,0.0,2.67109070526704,6.8288866885122514
2024-02-01 05:00:00+06:00,0.0,3.1882840543405693,8.287223007146803
2024-02-01 06:00:00+06:00,0.0,5.005123411985159,9.835726275910215
2024-02-01 07:00:00+06:00,0.0,2.384903284323308,10.465936411220328
2024-02-01 08:00:00+06:00,0.0,2.4799377399829607,12.0147990761181
2024-02-01 09:00:00+06:00,0.34832808623219597,0.0,12.806835158299954
2024-02-01 10:00:00+06:00,2.8310334384996105,3.1255949952179685,14.091862173442953
2024-02-01 11:00:00+06:00,4.751771309720224,11.781614425528522,14.075140432148013
2024-02-01 12:00:00+06:00,6.038150313738636,7.86518846936919,13.68101216728211
2024-02-01 13:00:00+06:00,6.567333798532354,4.838094002781858,13.903217249799336
2024-02-01 14:00:00+06:00,6.491298652447565,1.326478520825558,13.75870055880522
2024-02-01 15:00:00+06:00,5.77305664743023,5.277002414604854,12.365662152993647
2024-02-01 16:00:00+06:00,4.331376708531691,4.116562275008477,11.80490063373495
2024-02-01 17:00:00+06:00,2.2019788117763364,8.966044629937645,10.7870413163245
2024-02-01 18:00:00+06:00,0.0,8.701478431847264,9.28477666716158
2024-02-01 19:00:00+06:00,0.0,17.258081098859414,8.16059692350129
2024-02-01 20:00:00+06:00,0.0,8.136872079683386,7.057240300088009
2024-02-01 21:00:00+06:00,0.0,10.992175932264379,6.506991624765278
2024-02-01 22:00:00+06:00,0.0,10.521998438772414,4.962569526728716
2024-02-01 23:00:00+06:00,0.0,4.070456868259592,5.015676765695006
2024-02-02 00:00:00+06:00,0.0,0.0,4.366134346366705
2024-02-02 01:00:00+06:00,0.0,9.80466191608166,5.247808064136377
2024-02-02 02:00:00+06:00,0.0,3.793596956782341,5.281775243377602
2024-02-02 03:00:00+06:00,0.0,3.0508661255085796,5.810901954767268
2024-02-02 04:00:00+06:00,0.0,1.257174488717272,7.136994568461647
2024-02-02 05:00:00+06:00,0.0,0.0,8.583015545400093
2024-02-02 06:00:00+06:00,0.0,1.7085644575383518,9.022635268506294
2024-02-02 07:00:00+06:00,0.0,1.4043973934184464,10.913516139493314
2024-02-02 08:00:00+06:00,0.0,5.394616484407218,11.46474016032977
2024-02-02 09:00:00+06:00,0.4056751274508029,4.784488103642695,13.108312034421818
2024-02-02 10:00:00+06:00,2.9536272621297863,0.0,13.525933731444901
2024-02-02 11:00:00+06:00,4.955922034049662,6.417682517760705,13.742682515457986
2024-02-02 12:00:00+06:00,6.1753385347387635,19.309235691408112,14.310666722233515
2024-02-02 13:00:00+06:00,6.767616445236748,11.171955435600644,13.839394210178469
2024-02-02 14:00:00+06:00,6.591900133509991,2.0751023822787085,13.66282725004831
2024-02-02 15:00:00+06:00,5.904614871309342,0.0,12.285169465886593
2024-02-02 16:00:00+06:00,4.513253264873453,1.2900038836808165,12.011511469792438
2024-02-02 17:00:00+06:00,2.3247729145559144,2.854301142348863,11.142835396036846
2024-02-02 18:00:00+06:00,0.0,1.9226414756232637,9.420076255213107
2024-02-02 19:00:00+06:00,0.0,3.192153650648538,8.121916851445835
2024-02-02 20:00:00+06:00,0.0,3.4228929166565885,6.898281356431407
2024-02-02 21:00:00+06:00,0.0,6.6739015290647075,5.9598289420750445
2024-02-02 22:00:00+06:00,0.0,9.283886930773454,5.529809316686502
2024-02-02 23:00:00+06:00,0.0,8.045883883755097,4.674647920737171
2024-02-03 00:00:00+06:00,0.0,6.428413775398005,3.8040279625704105
2024-02-03 01:00:00+06:00,0.0,4.713899839843446,3.8815261986890452
2024-02-03 02:00:00+06:00,0.0,0.0,3.643891576822432
2024-02-03 03:00:00+06:00,0.0,1.595246067164515,4.86423774051037
2024-02-03 04:00:00+06:00,0.0,2.5644060857190674,5.57925483104485
2024-02-03 05:00:00+06:00,0.0,0.0,6.572015530502718
2024-02-03 06:00:00+06:00,0.0,6.327014016454184,7.475656115271295
2024-02-03 07:00:00+06:00,0.0,0.0,8.848513291822586
2024-02-03 08:00:00+06:00,0.0,4.073899692694838,9.643080795411223
2024-02-03 09:00:00+06:00,0.4650627671815316,2.1443996446732982,10.528623118919803
2024-02-03 10:00:00+06:00,3.015150775852951,2.3118060705193293,10.901378549465667
2024-02-03 11:00:00+06:00,4.961272130122214,3.2551469736548335,10.862752549068606
2024-02-03 12:00:00+06:00,6.154639260590653,0.0,11.817859700241458
2024-02-03 13:00:00+06:00,6.766407448374657,0.0,11.42353968505856
2024-02-03 14:00:00+06:00,6.73331701807604,0.0,10.892170272970406
2024-02-03 15:00:00+06:00,6.0343611182533605,0.0,10.217116027783737
2024-02-03 16:00:00+06:00,4.5875579956188846,2.5122419380607885,9.928845618296458
2024-02-03 17:00:00+06:00,2.3947384256590922,11.02526297826158,9.112207846165747
2024-02-03 18:00:00+06:00,0.0,15.963602378530753,8.07970653792999
2024-02-03 19:00:00+06:00,0.0,12.685528362834026,6.571335403303099
2024-02-03 20:00:00+06:00,0.0,3.1347764026796763,5.528065806280858
2024-02-03 21:00:00+06:00,0.0,1.7559562182551405,5.150478388051099
2024-02-03 22:00:00+06:00,0.0,3.8803661092462844,4.240822328128059
2024-02-03 23:00:00+06:00,0.0,2.7792134153658696,3.842256964968051
2024-02-04 00:00:00+06:00,0.0,6.272923326256751,4.064277278820012
2024-02-04 01:00:00+06:00,0.0,8.359941742128079,3.9590391762307577
2024-02-04 02:00:00+06:00,0.0,3.3529797797173133,4.4111288167981515
2024-02-04 03:00:00+06:00,0.0,2.681527907701842,5.631646061301303
2024-02-04 04:00:00+06:00,0.0,6.214732304547306,5.982465348365342
2024-02-04 05:00:00+06:00,0.0,4.084587703280929,7.057678321504898
2024-02-04 06:00:00+06:00,0.0,4.706048921995921,7.922953885862809
2024-02-04 07:00:00+06:00,0.0,1.4069132304170782,8.34199230696795
2024-02-04 08:00:00+06:00,0.0,3.7403869543053334,9.77005739353685
2024-02-04 09:00:00+06:00,0.5163290414034586,3.722363491692672,10.809541452959214
2024-02-04 10:00:00+06:00,3.0874005754856504,1.2430245169146827,10.6117968190214
2024-02-04 11:00:00+06:00,5.0394673348010555,6.149791320959656,11.602243242711827
2024-02-04 12:00:00+06:00,6.230018052685855,0.0,11.570673731329164
2024-02-04 13:00:00+06:00,6.997034058806864,10.601206322278003,10.996067319446832
2024-02-04 14:00:00+06:00,6.8215504599806795,5.3458463703480925,11.653284030281204
2024-02-04 15:00:00+06:00,6.066685871029596,2.5400997800142893,10.280564741839207
2024-02-04 16:00:00+06:00,4.75555184494012,2.7537701222548447,9.785205436767841
2024-02-04 17:00:00+06:00,2.5223653553965626,0.0,8.89355851655986
2024-02-04 18:00:00+06:00,0.0,0.0,7.890930636357016
2024-02-04 19:00:00+06:00,0.0,3.4294866442389167,6.897530715062757
2024-02-04 20:00:00+06:00,0.0,18.82290602245026,5.518347550939957
2024-02-04 21:00:00+06:00,0.0,22.803737197498585,5.38499813108624
2024-02-04 22:00:00+06:00,0.0,12.727659697175357,4.399285257846966
2024-02-04 23:00:00+06:00,0.0,3.0174196871054306,4.476600715704551
2024-02-05 00:00:00+06:00,0.0,4.418751144987829,4.636340159464398
2024-02-05 01:00:00+06:00,0.0,0.0,5.081078302426711
2024-02-05 02:00:00+06:00,0.0,1.9009880920627547,4.890464210633887
2024-02-05 03:00:00+06:00,0.0,2.031025823167754,6.554360607538102
2024-02-05 04:00:00+06:00,0.0,0.0,7.33994720583116
2024-02-05 05:00:00+06:00,0.0,0.0,8.270840631300821
2024-02-05 06:00:00+06:00,0.0,0.0,8.798697483309063
2024-02-05 07:00:00+06:00,0.0,0.0,10.15393561402324
2024-02-05 08:00:00+06:00,0.0,0.0,11.554994909012258
2024-02-05 09:00:00+06:00,0.5792978781565084,0.0,12.670124407961119
2024-02-05 10:00:00+06:00,3.1777844716611554,0.0,13.503340985649963
2024-02-05 11:00:00+06:00,5.118217391230834,2.3423337023121062,13.614544642603535
2024-02-05 12:00:00+06:00,6.353749073478064,0.0,14.44249915913333
2024-02-05 13:00:00+06:00,7.02796455432723,0.0,13.91090569660686
2024-02-05 14:00:00+06:00,6.918091570806366,5.095906497209154,13.443210432344928
2024-02-05 15:00:00+06:00,6.238130931173511,0.0,13.152849774449708
2024-02-05 16:00:00+06:00,4.782565653083946,4.69823175394451,11.122637982991714
2024-02-05 17:00:00+06:00,2.591952308793785,2.6348523156170383,10.910603825414121
2024-02-05 18:00:00+06:00,0.10347613729301372,3.9258498522061527,9.926815915418615
2024-02-05 19:00:00+06:00,0.0,11.288320491933424,7.656590801970233
2024-02-05 20:00:00+06:00,0.0,6.910436364609205,7.017602800325668
2024-02-05 21:00:00+06:00,0.0,3.778617637215962,5.530201154536391
2024-02-05 22:00:00+06:00,0.0,3.1177829731778197,5.834256837486399
2024-02-05 23:00:00+06:00,0.0,0.0,4.997168779107397
2024-02-06 00:00:00+06:00,0.0,3.331086111027431,5.266232062106482
2024-02-06 01:00:00+06:00,0.0,5.86949394614748,4.7683253192283654
2024-02-06 02:00:00+06:00,0.0,6.304979059250644,5.032582551195052
2024-02-06 03:00:00+06:00,0.0,2.2520172161891545,5.572146997878937
2024-02-06 04:00:00+06:00,0.0,0.0,6.796922845007134
2024-02-06 05:00:00+06:00,0.0,1.2045149137428413,8.425549037640181
2024-02-06 06:00:00+06:00,0.0,0.0,9.571513378445175
2024-02-06 07:00:00+06:00,0.0,0.0,10.861100482293107
2024-02-06 08:00:00+06:00,0.0,0.0,11.934607064872257
2024-02-06 09:00:00+06:00,0.6541287906168396,0.0,13.10496457441674
2024-02-06 10:00:00+06:00,3.3097276277551892,0.0,13.498435598664942
2024-02-06 11:00:00+06:00,5.286476104907202,0.0,14.295426049319707
2024-02-06 12:00:00+06:00,6.440340417726206,3.251894876155292,13.57249844628167
2024-02-06 13:00:00+06:00,7.073386019843291,4.115860706635433,13.319210919325943
2024-02-06 14:00:00+06:00,6.9687206516646985,0.0,13.613196242122884
2024-02-06 15:00:00+06:00,6.22861198371324,0.0,12.83313657009854
2024-02-06 16:00:00+06:00,4.722548097833016,0.0,12.279222653164767
2024-02-06 17:00:00+06:00,2.5794475075725445,5.7074965904783586,9.776247385636436
2024-02-06 18:00:00+06:00,0.1301837947002551,5.422479193317197,9.700178602449819
2024-02-06 19:00:00+06:00,0.0,7.312797150748632,7.798406794069021
2024-02-06 20:00:00+06:00,0.0,2.1075761802871043,6.786927722498505
2024-02-06 21:00:00+06:00,0.0,3.248879649933751,6.094522374417323
2024-02-06 22:00:00+06:00,0.0,3.300889956826441,4.929520316042069
2024-02-06 23:00:00+06:00,0.0,2.087610696312082,4.8812830203490645
2024-02-07 00:00:00+06:00,0.0,17.797072205861586,4.702936906474818
2024-02-07 01:00:00+06:00,0.0,3.3912268873745806,5.1112052169824524
2024-02-07 02:00:00+06:00,0.0,0.0,5.173580069855432
2024-02-07 03:00:00+06:00,0.0,1.948969762541729,5.710788934331003
2024-02-07 04:00:00+06:00,0.0,0.0,7.338415427463324
2024-02-07 05:00:00+06:00,0.0,5.228895834183361,8.130828187558965
2024-02-07 06:00:00+06:00,0.0,0.0,9.364346284241615
2024-02-07 07:00:00+06:00,0.0,3.201587272753035,10.917641626474577
2024-02-07 08:00:00+06:00,0.0,3.1771238164564943,11.547206261287512
2024-02-07 09:00:00+06:00,0.6972121892183727,11.121979089161634,13.07997070863525
2024-02-07 10:00:00+06:00,3.2054574999576717,4.106576474898332,13.057181856018163
2024-02-07 11:00:00+06:00,5.173725152086318,2.676986964727617,13.872164675906358
2024-02-07 12:00:00+06:00,6.367750976905668,4.696990145298671,14.166242076529489
2024-02-07 13:00:00+06:00,7.0316513190036165,5.826051572028633,13.842237367644993
2024-02-07 14:00:00+06:00,6.920328542038565,2.214464798633412,13.561112167494196
2024-02-07 15:00:00+06:00,6.1405482003121605,0.0,12.799291324379261
2024-02-07 16:00:00+06:00,4.840244244728591,3.448041445424941,11.680578834945345
2024-02-07 17:00:00+06:00,2.6532523400404666,0.0,10.333972359426074
2024-02-07 18:00:00+06:00,0.16700898440407758,4.806681653796766,9.596190315836123
2024-02-07 19:00:00+06:00,0.0,3.5356461853250467,8.062821958933158
2024-02-07 20:00:00+06:00,0.0,0.0,7.136544747282104
2024-02-07 21:00:00+06:00,0.0,0.0,5.919307300926054
2024-02-07 22:00:00+06:00,0.0,0.0,5.04532591027381
2024-02-07 23:00:00+06:00,0.0,5.054727944300138,4.971768198930382
2024-02-08 00:00:00+06:00,0.0,1.7924085288989817,5.12427579076331
2024-02-08 01:00:00+06:00,0.0,15.949957216362153,4.745630376802084
2024-02-08 02:00:00+06:00,0.0,2.640547594080711,5.289016102500725
2024-02-08 03:00:00+06:00,0.0,0.0,6.016715517718017
2024-02-08 04:00:00+06:00,0.0,1.8934405906526535,6.975944917570577
2024-02-08 05:00:00+06:00,0.0,4.937940449209271,8.523320606343317
2024-02-08 06:00:00+06:00,0.0,0.0,9.529416362370675
2024-02-08 07:00:00+06:00,0.0,0.0,9.992417562738725
2024-02-08 08:00:00+06:00,0.0,4.989714060767444,12.054100315269759
2024-02-08 09:00:00+06:00,0.7810749272318334,1.979921569812325,12.84025017381412
2024-02-08 10:00:00+06:00,3.331015300987644,0.0,13.521034317256444
2024-02-08 11:00:00+06:00,5.281890980823491,3.6790694670695685,14.368032914756618
2024-02-08 12:00:00+06:00,6.488010001364389,1.2552227476415094,13.8763732802226
2024-02-08 13:00:00+06:00,6.923884746465297,0.0,13.899570423425164
2024-02-08 14:00:00+06:00,7.020921768403532,3.0712702709193525,13.369112709048672
2024-02-08 15:00:00+06:00,6.28669657329994,1.6526513317987166,12.807421948985395
2024-02-08 16:00:00+06:00,4.86871294731708,8.124573386843199,11.585741348804138
2024-02-08 17:00:00+06:00,2.7545123723316602,23.167786751202666,10.367757566428754
2024-02-08 18:00:00+06:00,0.20831212712759858,21.8427351283267,9.629689460550331
2024-02-08 19:00:00+06:00,0.0,9.691172100069533,8.611058189399223
2024-02-08 20:00:00+06:00,0.0,7.5719646320901015,7.494330662642056
2024-02-08 21:00:00+06:00,0.0,0.0,6.067655246114563
2024-02-08 22:00:00+06:00,0.0,1.795769744326709,4.931723895557964
2024-02-08 23:00:00+06:00,0.0,1.9710888963275504,4.5697007440659805
2024-02-09 00:00:00+06:00,0.0,6.939450421877006,4.511679843662769
2024-02-09 01:00:00+06:00,0.0,14.923111840552002,4.8188735284576385
2024-02-09 02:00:00+06:00,0.0,7.187611149118073,5.452547652669256
2024-02-09 03:00:00+06:00,0.0,1.7083832989890306,6.544083801569223
2024-02-09 04:00:00+06:00,0.0,4.157974162224936,6.598451025505734
2024-02-09 05:00:00+06:00,0.0,2.5610949778980685,8.446930820678052
2024-02-09 06:00:00+06:00,0.0,1.7805173322567376,9.04323858966529
2024-02-09 07:00:00+06:00,0.0,9.991328339314759,10.73239836167639
2024-02-09 08:00:00+06:00,0.0,8.33838828368864,11.384465587000925
2024-02-09 09:00:00+06:00,0.843710875977267,5.571441519250347,12.666221222766179
2024-02-09 10:00:00+06:00,3.386212502089574,15.706363274045612,12.990134473749585
2024-02-09 11:00:00+06:00,5.454091623569413,7.78484497218085,14.68334929010376
2024-02-09 12:00:00+06:00,6.595414442189028,7.1724720617496915,14.001180433086109
2024-02-09 13:00:00+06:00,7.411626564670637,1.8578915466143016,13.145439889012835
2024-02-09 14:00:00+06:00,7.218259642462006,1.4534888695768113,13.626782138609256
2024-02-09 15:00:00+06:00,6.3759507985573345,1.1868692617224517,12.015082785999049
2024-02-09 16:00:00+06:00,4.992412794874648,3.2052778322697244,12.456151718589357
2024-02-09 17:00:00+06:00,2.8847293503264977,1.860143382684214,10.125538468870909
2024-02-09 18:00:00+06:00,0.26006188875596803,5.88835426657574,9.15973018493298
2024-02-09 19:00:00+06:00,0.0,18.68292396640132,7.664798945116808
2024-02-09 20:00:00+06:00,0.0,4.919108424014263,7.47441443822441
2024-02-09 21:00:00+06:00,0.0,3.8019708765109606,6.103827171518355
2024-02-09 22:00:00+06:00,0.0,12.72842109053817,5.462545055171186
2024-02-09 23:00:00+06:00,0.0,3.0442673843732413,4.895604055691879
2024-02-10 00:00:00+06:00,0.0,6.743189501931609,4.0621075784489395
2024-02-10 01:00:00+06:00,0.0,11.625768318781025,4.073904809598422
2024-02-10 02:00:00+06:00,0.0,5.05542158890467,4.362967622441523
2024-02-10 03:00:00+06:00,0.0,3.6985991097092126,5.356872633619891
2024-02-10 04:00:00+06:00,0.0,0.0,5.712911478995606
2024-02-10 05:00:00+06:00,0.0,0.0,6.683741610704579
2024-02-10 06:00:00+06:00,0.0,1.895595677673099,7.8302030671171305
2024-02-10 07:00:00+06:00,0.0,1.6382566636360127,9.225682148768916
2024-02-10 08:00:00+06:00,0.0,1.4893528548101713,10.10004750831661
2024-02-10 09:00:00+06:00,0.9271415762284735,2.285393197609925,10.15309780732743
2024-02-10 10:00:00+06:00,3.519782103128529,0.0,10.707599494795186
2024-02-10 11:00:00+06:00,5.468491024323802,0.0,10.628490963720076
2024-02-10 12:00:00+06:00,6.695219472179142,0.0,11.395434750179504
2024-02-10 13:00:00+06:00,7.200380634040136,3.6462915199303683,11.347247314640361
2024-02-10 14:00:00+06:00,7.291903157854957,0.0,10.961025074511772
2024-02-10 15:00:00+06:00,6.472620582559184,3.9502526550462145,10.527137347471513
2024-02-10 16:00:00+06:00,5.001275755501531,3.5484996363322265,9.662067579108871
2024-02-10 17:00:00+06:00,2.91326877532141,3.4538908544833395,8.834884297101738
2024-02-10 18:00:00+06:00,0.30982144293182257,1.4262336681820467,7.289707012696724
2024-02-10 19:00:00+06:00,0.0,7.840176210500598,6.85686098222826
2024-02-10 20:00:00+06:00,0.0,17.310116647981868,6.143731164555448
2024-02-10 21:00:00+06:00,0.0,1.7018201737190357,5.119968040835546
2024-02-10 22:00:00+06:00,0.0,0.0,4.107809035571318
2024-02-10 23:00:00+06:00,0.0,22.9849748183079,4.343287496554135
2024-02-11 00:00:00+06:00,0.0,2.3526523775603967,3.535289183755324
2024-02-11 01:00:00+06:00,0.0,3.8109750515988567,4.199274420669929
2024-02-11 02:00:00+06:00,0.0,2.8489699832103237,3.878336520753691
2024-02-11 03:00:00+06:00,0.0,1.4695148426485642,4.390515833086589
2024-02-11 04:00:00+06:00,0.0,2.9053169059704063,6.4238565160668
2024-02-11 05:00:00+06:00,0.0,4.471820774570577,6.721801112523565
2024-02-11 06:00:00+06:00,0.0,5.892360928161694,8.103419809373689
2024-02-11 07:00:00+06:00,0.0,2.2095473385381337,8.655356425975553
2024-02-11 08:00:00+06:00,0.0,0.0,9.062007171161518
2024-02-11 09:00:00+06:00,0.9578731417827842,0.0,10.568735092783353
2024-02-11 10:00:00+06:00,3.4686068200060287,0.0,10.848398743795679
2024-02-11 11:00:00+06:00,5.293085241034998,2.276654731279094,11.183542129612391
2024-02-11 12:00:00+06:00,6.504418629953189,0.0,11.332170413001885
2024-02-11 13:00:00+06:00,7.211006843354615,3.068311138212473,11.345603082791472
2024-02-11 14:00:00+06:00,7.169097424078599,0.0,11.088375855732023
2024-02-11 15:00:00+06:00,6.3650671566233346,1.7659980688711543,10.561847951781115
2024-02-11 16:00:00+06:00,5.016083695008384,0.0,9.531605967281672
2024-02-11 17:00:00+06:00,2.9593347557957173,0.0,8.777184661748004
2024-02-11 18:00:00+06:00,0.3596566588869968,0.0,8.141661069409125
2024-02-11 19:00:00+06:00,0.0,5.546199593695877,6.908553042900266
2024-02-11 20:00:00+06:00,0.0,15.639060896726393,5.963029420212491
2024-02-11 21:00:00+06:00,0.0,9.697333668999915,5.2250369672135015
2024-02-11 22:00:00+06:00,0.0,8.016672779244145,3.713126906115205
2024-02-11 23:00:00+06:00,0.0,22.047281629719336,3.777953429979917
2024-02-12 00:00:00+06:00,0.0,17.019089363434187,3.7332021836046567
2024-02-12 01:00:00+06:00,0.0,4.782520046116653,4.532316477713023
2024-02-12 02:00:00+06:00,0.0,1.872082850851476,5.225775815389217
2024-02-12 03:00:00+06:00,0.0,2.5577966181007388,5.534803016554112
2024-02-12 04:00:00+06:00,0.0,3.673931894270974,6.263481409744214
2024-02-12 05:00:00+06:00,0.0,3.366080737283545,8.724408478768549
2024-02-12 06:00:00+06:00,0.0,2.9814417896654803,8.984309517067269
2024-02-12 07:00:00+06:00,0.0,6.454028674624728,10.63177544708638
2024-02-12 08:00:00+06:00,0.0,0.0,11.785905856387913
2024-02-12 09:00:00+06:00,1.070123356308843,0.0,12.065634853123644
2024-02-12 10:00:00+06:00,3.6184826170079467,2.9721626082581314,13.488865188385768
2024-02-12 11:00:00+06:00,5.498659531585793,4.932185276120533,13.790971259321436
2024-02-12 12:00:00+06:00,6.7941748347496675,0.0,13.987140083446791
2024-02-12 13:00:00+06:00,7.415469014107418,0.0,13.665092946948839
2024-02-12 14:00:00+06:00,7.305008550569901,0.0,13.844715611599685
2024-02-12 15:00:00+06:00,6.572807485502905,1.3350668525927019,12.525497715220993
2024-02-12 16:00:00+06:00,5.270697037945675,32.59447870836095,11.500908696594621
2024-02-12 17:00:00+06:00,3.0781834644507904,2.709532152537247,10.325814537349459
2024-02-12 18:00:00+06:00,0.4336449352422201,0.0,9.372263912266355
2024-02-12 19:00:00+06:00,0.0,1.3223329688697976,8.160866916483993
2024-02-12 20:00:00+06:00,0.0,5.499366237489945,7.530317422455035
2024-02-12 21:00:00+06:00,0.0,12.76291562875849,5.941422106517211
2024-02-12 22:00:00+06:00,0.0,6.719489087839019,5.121490822479958
2024-02-12 23:00:00+06:00,0.0,9.884233963703956,4.702638804231542
2024-02-13 00:00:00+06:00,0.0,18.152051529939676,4.536002377793788
2024-02-13 01:00:00+06:00,0.0,2.6774662273227743,5.335272920730903
2024-02-13 02:00:00+06:00,0.0,1.6212087283119225,4.829495696954255
2024-02-13 03:00:00+06:00,0.0,0.0,6.376252170290494
2024-02-13 04:00:00+06:00,0.0,1.828529257387157,6.515910199355548
2024-02-13 05:00:00+06:00,0.0,0.0,8.398973411145118
2024-02-13 06:00:00+06:00,0.0,0.0,9.405194722323369
2024-02-13 07:00:00+06:00,0.0,1.4577891441864312,10.185059157545888
2024-02-13 08:00:00+06:00,0.0,1.81571704047938,11.82888303043445
2024-02-13 09:00:00+06:00,1.127113521876163,1.9199710100096388,12.51109714594996
2024-02-13 10:00:00+06:00,3.628834998910114,1.4540817525570073,12.786879423009381
2024-02-13 11:00:00+06:00,5.551761763068666,3.5799186645690346,13.806540580223702
2024-02-13 12:00:00+06:00,6.860006063342492,2.4149498128232043,14.086730916141374
2024-02-13 13:00:00+06:00,7.530395959900945,8.451181787066155,13.377520049663248
2024-02-13 14:00:00+06:00,7.441325747629025,4.753515796941339,12.25273960960187
2024-02-13 15:00:00+06:00,6.685803829268549,0.0,12.712651888405993
2024-02-13 16:00:00+06:00,5.341334127635323,3.0270150663733593,11.520883830890245
2024-02-13 17:00:00+06:00,3.180421280954878,3.16906643751743,10.669138996724609
2024-02-13 18:00:00+06:00,0.5021209573640718,9.951964468123949,9.41728680419725
2024-02-13 19:00:00+06:00,0.0,7.819928286834917,8.715732802004121
2024-02-13 20:00:00+06:00,0.0,5.695288610962922,6.8314334573448106
2024-02-13 21:00:00+06:00,0.0,36.05085937278428,6.050824446638748
2024-02-13 22:00:00+06:00,0.0,6.550914897858814,5.313265893557194
2024-02-13 23:00:00+06:00,0.0,9.132329055938753,4.946128346719504
2024-02-14 00:00:00+06:00,0.0,8.630546185151672,4.209187240461359
2024-02-14 01:00:00+06:00,0.0,5.096410942486232,4.470932752620419
2024-02-14 02:00:00+06:00,0.0,2.967271036293465,5.527385331082003
2024-02-14 03:00:00+06:00,0.0,2.3635962427741624,5.5346214944091985
2024-02-14 04:00:00+06:00,0.0,4.210712104444924,7.07423032813061
2024-02-14 05:00:00+06:00,0.0,1.353400575359521,7.7555040958636745
2024-02-14 06:00:00+06:00,0.0,1.5137298580642076,8.88004654312137
2024-02-14 07:00:00+06:00,0.0,0.0,10.206540518013059
2024-02-14 08:00:00+06:00,0.0,3.559116528027844,11.787314351845229
2024-02-14 09:00:00+06:00,1.2402107811617273,2.022035287073023,12.75713748350288
2024-02-14 10:00:00+06:00,3.8409498465633534,2.17747214427914,13.618454549031929
2024-02-14 11:00:00+06:00,5.72945810679608,2.675267722131752,13.219816234719273
2024-02-14 12:00:00+06:00,6.9431992248648635,0.0,13.35918243903779
2024-02-14 13:00:00+06:00,7.618932984993426,5.3878063395936415,13.115345199907805
2024-02-14 14:00:00+06:00,7.574457591835206,7.187317582746074,12.597347467675306
2024-02-14 15:00:00+06:00,6.872576701627296,2.7637213727877152,12.274588646564254
2024-02-14 16:00:00+06:00,5.355097936730977,5.1088818118449195,11.397282809017309
2024-02-14 17:00:00+06:00,3.264576157900104,4.8798790351351675,10.698066360494373
2024-02-14 18:00:00+06:00,0.5588550898626181,5.1897545087206405,9.44643273330171
2024-02-14 19:00:00+06:00,0.0,2.0049722118549966,8.139469845821562
2024-02-14 20:00:00+06:00,0.0,0.0,7.178496189500768
2024-02-14 21:00:00+06:00,0.0,5.477796708420741,5.891426930686738
2024-02-14 22:00:00+06:00,0.0,4.697558934984922,5.35516591161019
2024-02-14 23:00:00+06:00,0.0,3.956069429891103,5.234759151157597
2024-02-15 00:00:00+06:00,0.0,2.61923931253821,4.372714769477835
2024-02-15 01:00:00+06:00,0.0,6.238239094977268,4.934218685120819
2024-02-15 02:00:00+06:00,0.0,12.841407925633217,4.583854113548613
2024-02-15 03:00:00+06:00,0.0,19.702784870057197,5.657116484254525
2024-02-15 04:00:00+06:00,0.0,19.838387078903345,6.882697633128378
2024-02-15 05:00:00+06:00,0.0,4.530374591529844,7.7248062887727365
2024-02-15 06:00:00+06:00,0.0,0.0,9.04613123545255
2024-02-15 07:00:00+06:00,0.0,0.0,10.419510819558283
2024-02-15 08:00:00+06:00,0.0,0.0,11.483335196908715
2024-02-15 09:00:00+06:00,1.2888177531736182,0.0,12.041569017220892
2024-02-15 10:00:00+06:00,3.7950229879688777,1.6965886061889097,13.445424228143832
2024-02-15 11:00:00+06:00,5.665391900641252,1.2246792237515864,14.18322226781719
2024-02-15 12:00:00+06:00,6.833137221589603,2.913389276222322,13.394219144982863
2024-02-15 13:00:00+06:00,7.433962302367496,2.2486801095657096,13.993626522424378
2024-02-15 14:00:00+06:00,7.4720159802625155,2.937998446902319,12.797978497274388
2024-02-15 15:00:00+06:00,6.5921924208085025,0.0,12.578121049654069
2024-02-15 16:00:00+06:00,5.195741706490735,22.94145721548602,10.780427601672262
2024-02-15 17:00:00+06:00,3.174496546223786,3.3615868553129804,10.730170061436382
2024-02-15 18:00:00+06:00,0.5972904837922395,0.0,8.730541200574393
2024-02-15 19:00:00+06:00,0.0,1.7008541073164276,8.258294621680783
2024-02-15 20:00:00+06:00,0.0,6.562730687679189,6.78928984104989
2024-02-15 21:00:00+06:00,0.0,2.5030894192760402,5.997554896625814
2024-02-15 22:00:00+06:00,0.0,1.2144923321127457,5.542271793348417
2024-02-15 23:00:00+06:00,0.0,3.9066884965911495,4.847753637834507
2024-02-16 00:00:00+06:00,0.0,0.0,4.691012498991147
2024-02-16 01:00:00+06:00,0.0,8.893814075893335,4.709787434419841
2024-02-16 02:00:00+06:00,0.0,5.949312554950309,4.8170696694231365
2024-02-16 03:00:00+06:00,0.0,0.0,5.80442282375521
2024-02-16 04:00:00+06:00,0.0,1.2709547302504478,6.982636254402044
2024-02-16 05:00:00+06:00,0.0,8.396455853807115,7.988349603904076
2024-02-16 06:00:00+06:00,0.0,1.3154459441437394,9.00303206441603
2024-02-16 07:00:00+06:00,0.0,11.017869830062262,10.415058151404413
2024-02-16 08:00:00+06:00,0.0,7.82850802656177,11.436001771313062
2024-02-16 09:00:00+06:00,1.3272356436697832,8.225533942264935,12.377355580277131
2024-02-16 10:00:00+06:00,3.763720206576201,1.3123932593456227,12.929082652660023
2024-02-16 11:00:00+06:00,5.625238414344882,2.195713053426015,13.377774050154581
2024-02-16 12:00:00+06:00,6.812313195995599,1.3348828878227843,14.02372758231003
2024-02-16 13:00:00+06:00,7.477996050058748,4.044841468442061,13.618190440999136
2024-02-16 14:00:00+06:00,7.424355796447778,9.954874510974797,12.965412520783405
2024-02-16 15:00:00+06:00,6.721259227277977,2.225491245689007,12.074767081424008
2024-02-16 16:00:00+06:00,5.278895990468334,11.27248960109093,11.642729099849614
2024-02-16 17:00:00+06:00,3.281860831962704,4.288835259521052,10.754619650090346
2024-02-16 18:00:00+06:00,0.680798849245698,1.7045235376698538,9.395673443679254
2024-02-16 19:00:00+06:00,0.0,1.877598139355836,8.14321655112993
2024-02-16 20:00:00+06:00,0.0,2.4385317816028147,7.301603658770958
2024-02-16 21:00:00+06:00,0.0,8.7878450773417,5.929649402974936
2024-02-16 22:00:00+06:00,0.0,5.659982909405972,4.913225885809703
2024-02-16 23:00:00+06:00,0.0,4.264082137243181,4.975944138344004
2024-02-17 00:00:00+06:00,0.0,6.026688121173578,3.5852838440692985
2024-02-17 01:00:00+06:00,0.0,4.125766921024404,3.9383184168248677
2024-02-17 02:00:00+06:00,0.0,0.0,4.895288345193984
2024-02-17 03:00:00+06:00,0.0,3.1737063270071757,5.361637307549856
2024-02-17 04:00:00+06:00,0.0,2.248739426433763,5.433511764598194
2024-02-17 05:00:00+06:00,0.0,5.641431586294644,6.394233799753262
2024-02-17 06:00:00+06:00,0.0,1.219112997438905,7.003594638610421
2024-02-17 07:00:00+06:00,0.0,2.535012169000203,8.235058882454538
2024-02-17 08:00:00+06:00,0.0,3.310668545191494,9.099607932282025
2024-02-17 09:00:00+06:00,1.4225704635504224,1.7323184632700956,9.635525924791164
2024-02-17 10:00:00+06:00,3.8912523991417594,3.8029206146202643,10.735129608648279
2024-02-17 11:00:00+06:00,5.741788155081785,2.1611734039634474,11.142557421204938
2024-02-17 12:00:00+06:00,6.981444940272946,3.0011306304056373,11.461878092901067
2024-02-17 13:00:00+06:00,7.825811551061081,3.855757737000777,11.104817966113222
2024-02-17 14:00:00+06:00,7.754054662388789,3.8104895420117604,11.081912011844247
2024-02-17 15:00:00+06:00,6.908040582976159,20.107706717849574,10.42297992875338
2024-02-17 16:00:00+06:00,5.464094788308705,2.414717265535826,9.151326581162623
2024-02-17 17:00:00+06:00,3.373878377579503,0.0,7.956217935422822
2024-02-17 18:00:00+06:00,0.7463251513176246,0.0,7.658309538370149
2024-02-17 19:00:00+06:00,0.0,3.282522420987979,6.918357305635152
2024-02-17 20:00:00+06:00,0.0,11.710481086103673,5.198155858933646
2024-02-17 21:00:00+06:00,0.0,1.579875075561007,4.49589308140171
2024-02-17 22:00:00+06:00,0.0,0.0,4.2177236097701565
2024-02-17 23:00:00+06:00,0.0,1.8412175198655238,4.024294978801834
2024-02-18 00:00:00+06:00,0.0,2.28513070209037,3.880721801741491
2024-02-18 01:00:00+06:00,0.0,7.956904945230291,4.179466381318171
2024-02-18 02:00:00+06:00,0.0,16.508756385387397,4.742955996719187
2024-02-18 03:00:00+06:00,0.0,3.126919905489716,5.127049150158467
2024-02-18 04:00:00+06:00,0.0,0.0,5.550752319823871
2024-02-18 05:00:00+06:00,0.0,5.544256123673714,6.770591583440302
2024-02-18 06:00:00+06:00,0.0,6.015621548889891,7.390870277147011
2024-02-18 07:00:00+06:00,0.0,0.0,8.265727139349627
2024-02-18 08:00:00+06:00,0.0,1.659603621003589,9.147225702971589
2024-02-18 09:00:00+06:00,1.492684325713891,0.0,9.349253836106937
2024-02-18 10:00:00+06:00,3.933063874986734,0.0,10.329821597426935
2024-02-18 11:00:00+06:00,5.801865922930919,0.0,10.910265522587611
2024-02-18 12:00:00+06:00,7.05277764608359,0.0,10.893966178787366
2024-02-18 13:00:00+06:00,7.591329227764947,1.865584524042083,11.079924098123344
2024-02-18 14:00:00+06:00,7.348776534251279,0.0,10.85898883743021
2024-02-18 15:00:00+06:00,6.660632880290185,17.606220685881283,10.251831471505621
2024-02-18 16:00:00+06:00,5.375263359485746,13.956594319594398,9.406979532207895
2024-02-18 17:00:00+06:00,3.331754131928364,15.743646273078486,7.973886145643422
2024-02-18 18:00:00+06:00,0.7928759672324848,3.1032047419933835,7.413716583913454
2024-02-18 19:00:00+06:00,0.0,2.2011133144232518,6.268368351343416
2024-02-18 20:00:00+06:00,0.0,15.953908992673492,5.928977403291026
2024-02-18 21:00:00+06:00,0.0,13.825848848675635,4.6577873088054025
2024-02-18 22:00:00+06:00,0.0,27.35234478090025,4.47104950097507
2024-02-18 23:00:00+06:00,0.0,7.148820050913027,3.5691908179945093
2024-02-19 00:00:00+06:00,0.0,0.0,4.135178606894333
2024-02-19 01:00:00+06:00,0.0,2.8209515554552227,4.815898779113107
2024-02-19 02:00:00+06:00,0.0,2.686161021434965,5.782010428069361
2024-02-19 03:00:00+06:00,0.0,1.690544967099064,6.092893599560095
2024-02-19 04:00:00+06:00,0.0,3.0531747187961087,6.798709858819827
2024-02-19 05:00:00+06:00,0.0,2.1060918556281867,8.208784607925997
2024-02-19 06:00:00+06:00,0.0,0.0,8.801076274745043
2024-02-19 07:00:00+06:00,0.0,1.8663198955894136,10.239709476276271
2024-02-19 08:00:00+06:00,0.0,7.1174356483130286,11.7349844041206
2024-02-19 09:00:00+06:00,1.5593235430500214,1.2935317641573765,12.47640585473108
2024-02-19 10:00:00+06:00,3.9693623250991226,0.0,12.968250645470306
2024-02-19 11:00:00+06:00,5.817416769019483,0.0,13.828092951067632
2024-02-19 12:00:00+06:00,6.984789343073212,3.493005497960341,13.78017212463172
2024-02-19 13:00:00+06:00,7.6107748453581685,1.8793891326780845,13.782174031640336
2024-02-19 14:00:00+06:00,7.493253968462229,11.159871104040135,13.2650608284547
2024-02-19 15:00:00+06:00,6.835368473347051,1.803178526232612,12.22286594939847
2024-02-19 16:00:00+06:00,5.473967032365045,0.0,11.385448599712204
2024-02-19 17:00:00+06:00,3.42748844791909,2.0117191753110584,9.894301152540478
2024-02-19 18:00:00+06:00,0.8626961361025748,10.6626522289169,9.08121725069264
2024-02-19 19:00:00+06:00,0.0,13.466384429361826,7.9990523499546455
2024-02-19 20:00:00+06:00,0.0,12.883705619923305,6.759296271308846
2024-02-19 21:00:00+06:00,0.0,5.255628584031279,5.595695596138018
2024-02-19 22:00:00+06:00,0.0,11.30387198750438,5.360742838707359
2024-02-19 23:00:00+06:00,0.0,2.492534544086091,4.549614908255762
2024-02-20 00:00:00+06:00,0.0,0.0,4.350609300825018
2024-02-20 01:00:00+06:00,0.0,1.6400880892385201,4.83129619115302
2024-02-20 02:00:00+06:00,0.0,18.53130359213428,5.091699193542129
2024-02-20 03:00:00+06:00,0.0,7.324701377725558,5.766589931236409
2024-02-20 04:00:00+06:00,0.0,8.62528212975603,6.724247569245521
2024-02-20 05:00:00+06:00,0.0,7.57383862840514,7.792085298864134
2024-02-20 06:00:00+06:00,0.0,3.0070765416902696,9.356043261025714
2024-02-20 07:00:00+06:00,0.0,0.0,10.715428017981406
2024-02-20 08:00:00+06:00,0.0,3.442386910717179,10.941538170579586
2024-02-20 09:00:00+06:00,1.6270786983103716,7.33880383424618,12.444847866253394
2024-02-20 10:00:00+06:00,4.023236957305892,0.0,12.951859464333289
2024-02-20 11:00:00+06:00,5.878930751830996,0.0,13.463628997104003
2024-02-20 12:00:00+06:00,7.106338896207087,3.4728189475732214,13.333139497851237
2024-02-20 13:00:00+06:00,7.7187759157243345,2.7925792191223797,13.815946824568245
2024-02-20 14:00:00+06:00,7.717381535880974,2.9378157665867457,13.463472316300962
2024-02-20 15:00:00+06:00,6.952066737863804,0.0,12.55517202500071
2024-02-20 16:00:00+06:00,5.577582314572254,2.1398612246942297,11.430506680959201
2024-02-20 17:00:00+06:00,3.5461757038136037,1.3700347392375694,10.250343964006044
2024-02-20 18:00:00+06:00,0.93857810280208,7.706287179237658,9.283182041826448
2024-02-20 19:00:00+06:00,0.0,6.332656627654513,8.016034473426808
2024-02-20 20:00:00+06:00,0.0,8.09166391279143,7.0434221845702005
2024-02-20 21:00:00+06:00,0.0,4.804851376048734,5.703226816190556
2024-02-20 22:00:00+06:00,0.0,8.27408663305661,5.200124454704449
2024-02-20 23:00:00+06:00,0.0,14.343958041955354,4.647441793536756
2024-02-21 00:00:00+06:00,0.0,3.63488196063651,4.512152960063023
2024-02-21 01:00:00+06:00,0.0,2.651831376192404,4.470221629117273
2024-02-21 02:00:00+06:00,0.0,7.14753960157918,4.944050904857503
2024-02-21 03:00:00+06:00,0.0,5.585175364866074,4.909146121734279
2024-02-21 04:00:00+06:00,0.0,0.0,7.073897542072389
2024-02-21 05:00:00+06:00,0.0,8.413507359020578,8.421232822588662
2024-02-21 06:00:00+06:00,0.0,4.1102303812145164,9.323929447353917
2024-02-21 07:00:00+06:00,0.0,13.465986171660028,9.742670226374148
2024-02-21 08:00:00+06:00,0.0,4.917490638617065,10.98504350654066
2024-02-21 09:00:00+06:00,1.7113827713778489,1.364497164545692,12.75017767269351
2024-02-21 10:00:00+06:00,4.117082555411923,1.630041925333255,12.937302693787181
2024-02-21 11:00:00+06:00,6.075931811804933,2.463523687766191,13.509440153923942
2024-02-21 12:00:00+06:00,7.237220948835198,1.2973653039481798,13.783471889865453
2024-02-21 13:00:00+06:00,7.833587541270963,2.6798025519455764,13.465042424616195
2024-02-21 14:00:00+06:00,7.750990918375959,1.4542387135933632,13.074146911436635
2024-02-21 15:00:00+06:00,7.008182374533937,0.0,12.574867973210798
2024-02-21 16:00:00+06:00,5.613485814115044,2.3756361774731047,11.646244709702353
2024-02-21 17:00:00+06:00,3.6485740952552717,32.23774266514555,10.107118013429934
2024-02-21 18:00:00+06:00,1.0067202499625652,30.606173073471812,9.330054205114
2024-02-21 19:00:00+06:00,0.0,19.724948346661456,7.978400431239807
2024-02-21 20:00:00+06:00,0.0,10.541796344765254,6.785592948253628
2024-02-21 21:00:00+06:00,0.0,2.6720970646888644,5.4382943758056195
2024-02-21 22:00:00+06:00,0.0,0.0,4.9629079069667705
2024-02-21 23:00:00+06:00,0.0,14.195100301555346,5.044146925527294
2024-02-22 00:00:00+06:00,0.0,14.147868379996462,4.260257520895649
2024-02-22 01:00:00+06:00,0.0,15.39286570719564,4.848596486215055
2024-02-22 02:00:00+06:00,0.0,7.947654976838344,5.321349969582783
2024-02-22 03:00:00+06:00,0.0,1.4681766893663681,5.610837138143952
2024-02-22 04:00:00+06:00,0.0,0.0,6.926582580829275
2024-02-22 05:00:00+06:00,0.0,0.0,7.577359019862044
2024-02-22 06:00:00+06:00,0.0,1.636625487382968,8.889293663485443
2024-02-22 07:00:00+06:00,0.0,12.525532701174411,10.278969948446443
2024-02-22 08:00:00+06:00,0.0,15.067751963239687,11.437017353077119
2024-02-22 09:00:00+06:00,1.7609092426841926,3.7483622793992764,12.69430554768014
2024-02-22 10:00:00+06:00,4.088775102808364,4.031972198770136,13.244511150615304
2024-02-22 11:00:00+06:00,6.005136569081966,0.0,13.18438687873438
2024-02-22 12:00:00+06:00,7.13602682805903,2.559606604174139,14.115975292647649
2024-02-22 13:00:00+06:00,7.685840357921017,0.0,13.630551816408929
2024-02-22 14:00:00+06:00,7.656387432165272,2.367927903876767,13.0322697060494
2024-02-22 15:00:00+06:00,7.013337694151941,1.819593771691279,12.29867666326065
2024-02-22 16:00:00+06:00,5.579045943279429,1.1869435161774518,11.21955709813276
2024-02-22 17:00:00+06:00,3.5823404200660245,9.315619831773153,10.809059413154833
2024-02-22 18:00:00+06:00,1.0546823869472686,4.393125006951871,9.33440338198775
2024-02-22 19:00:00+06:00,0.0,2.1371824663341203,8.37827500685218
2024-02-22 20:00:00+06:00,0.0,3.9844330949731908,6.853961932652074
2024-02-22 21:00:00+06:00,0.0,13.070078661913062,5.829486029561752
2024-02-22 22:00:00+06:00,0.0,40.02836404245667,5.171190272695879
2024-02-22 23:00:00+06:00,0.0,20.754950511748376,5.325174185568948
2024-02-23 00:00:00+06:00,0.0,2.876930255544266,4.955554341423175
2024-02-23 01:00:00+06:00,0.0,0.0,4.341014810108225
2024-02-23 02:00:00+06:00,0.0,4.441184007939128,5.291415123682439
2024-02-23 03:00:00+06:00,0.0,10.01642400925699,6.239205570902069
2024-02-23 04:00:00+06:00,0.0,1.7782146778129753,6.82189124563896
2024-02-23 05:00:00+06:00,0.0,2.262879543073886,8.034981049645136
2024-02-23 06:00:00+06:00,0.0,0.0,8.689393785008011
2024-02-23 07:00:00+06:00,0.0,0.0,9.743045651548737
2024-02-23 08:00:00+06:00,0.0,1.9841832400731463,11.02993448500414
2024-02-23 09:00:00+06:00,1.846197229227886,11.515579341819986,12.30875011682865
2024-02-23 10:00:00+06:00,4.218855188590515,1.7168091072312102,13.175299229495396
2024-02-23 11:00:00+06:00,5.966108544046573,0.0,13.63611202615358
2024-02-23 12:00:00+06:00,7.16259409785669,0.0,13.471667464364154
2024-02-23 13:00:00+06:00,7.798060749663201,0.0,13.380530301706274
2024-02-23 14:00:00+06:00,7.843692395039721,16.265440247914476,12.824242302603214
2024-02-23 15:00:00+06:00,7.030822663548515,4.867870933518995,11.792817668917655
2024-02-23 16:00:00+06:00,5.57446898500208,11.131307307535518,11.140515147492673
2024-02-23 17:00:00+06:00,3.6310096369895555,3.3670341860002098,10.15922236200133
2024-02-23 18:00:00+06:00,1.1188219112913453,0.0,8.614413958821531
2024-02-23 19:00:00+06:00,0.0,0.0,7.662579642216494
2024-02-23 20:00:00+06:00,0.0,4.252081875218293,6.316668036221907
2024-02-23 21:00:00+06:00,0.0,17.5223113074639,5.677568548833782
2024-02-23 22:00:00+06:00,0.0,18.51081751280152,5.568072265966534
2024-02-23 23:00:00+06:00,0.0,6.620157176813414,4.353037050205653
2024-02-24 00:00:00+06:00,0.0,3.872415469273138,3.691054829764051
2024-02-24 01:00:00+06:00,0.0,1.743078922420568,4.0448600508098425
2024-02-24 02:00:00+06:00,0.0,4.549583765992685,4.305514684547858
2024-02-24 03:00:00+06:00,0.0,10.086522741408857,5.16376442352598
2024-02-24 04:00:00+06:00,0.0,14.50828146520051,5.660329108891625
2024-02-24 05:00:00+06:00,0.0,28.055160659928774,6.3716928583139065
2024-02-24 06:00:00+06:00,0.0,6.230335346562816,7.598993983488442
2024-02-24 07:00:00+06:00,0.0,9.252799732012708,8.43072915482825
2024-02-24 08:00:00+06:00,0.0,2.7265425571946604,9.283547514823557
2024-02-24 09:00:00+06:00,1.909166263487984,0.0,9.875262076681658
2024-02-24 10:00:00+06:00,4.24897418787294,0.0,10.722162580888629
2024-02-24 11:00:00+06:00,5.9661695532063135,0.0,10.486027603798593
2024-02-24 12:00:00+06:00,7.372075047452072,1.211151049763529,10.846323173743539
2024-02-24 13:00:00+06:00,7.8025460661540995,0.0,10.175774433647376
2024-02-24 14:00:00+06:00,7.79274646309985,0.0,10.229178668406643
2024-02-24 15:00:00+06:00,7.015721626628993,3.119448894718017,10.494469630412432
2024-02-24 16:00:00+06:00,5.64710013753069,9.738464126567841,9.345469540029612
2024-02-24 17:00:00+06:00,3.642588052570387,3.822215900520699,8.641050832206828
2024-02-24 18:00:00+06:00,1.1607585455427203,6.971718547317982,7.319934220650263
2024-02-24 19:00:00+06:00,0.0,1.8929583281136406,6.702019064874571
2024-02-24 20:00:00+06:00,0.0,3.6335601820031953,4.909862147811925
2024-02-24 21:00:00+06:00,0.0,1.3570951397444875,4.9829217030557595
2024-02-24 22:00:00+06:00,0.0,0.0,4.06311541515763
2024-02-24 23:00:00+06:00,0.0,0.0,3.9956644406056627
2024-02-25 00:00:00+06:00,0.0,5.676978987173873,3.9589115281185805
2024-02-25 01:00:00+06:00,0.0,1.902495855885891,4.056904123124816
2024-02-25 02:00:00+06:00,0.0,0.0,4.0072628566535275
2024-02-25 03:00:00+06:00,0.0,2.975593654337978,4.452301455937879
2024-02-25 04:00:00+06:00,0.0,2.603815378039405,5.590176161325051
2024-02-25 05:00:00+06:00,0.0,2.7498216360591123,6.77541275779245
2024-02-25 06:00:00+06:00,0.0,1.6620449876912151,7.49435258528679
2024-02-25 07:00:00+06:00,0.0,0.0,8.006332882283107
2024-02-25 08:00:00+06:00,0.0,1.845997051275329,8.857681463624868
2024-02-25 09:00:00+06:00,1.9774131516607785,1.3576871207471792,9.51933356292447
2024-02-25 10:00:00+06:00,4.410428704859146,4.976642192301663,10.816747265171449
2024-02-25 11:00:00+06:00,6.236711136104251,5.45451702058483,11.044893907440875
2024-02-25 12:00:00+06:00,7.395893108490508,2.1309500855827106,10.899097064947162
2024-02-25 13:00:00+06:00,8.012337428627045,13.56379041455382,10.955719566594997
2024-02-25 14:00:00+06:00,7.921761726762809,4.57528522069077,10.746155944682883
2024-02-25 15:00:00+06:00,7.087267991961988,1.348963947022543,10.048223955856365
2024-02-25 16:00:00+06:00,5.82211745316881,0.0,9.183389376109238
2024-02-25 17:00:00+06:00,3.8002098796824044,13.921269399987422,8.93794302518755
2024-02-25 18:00:00+06:00,1.2348367884269074,2.1007620874295028,6.783406811701003
2024-02-25 19:00:00+06:00,0.0,3.2946250512306956,5.678490233553538
2024-02-25 20:00:00+06:00,0.0,7.904028596115857,5.372536933666231
2024-02-25 21:00:00+06:00,0.0,2.9201443148779207,5.006912808596579
2024-02-25 22:00:00+06:00,0.0,11.166747356412875,4.253543798944508
2024-02-25 23:00:00+06:00,0.0,3.8989720509920596,3.9932442140742497
2024-02-26 00:00:00+06:00,0.0,5.188626757118282,4.339753532883551
2024-02-26 01:00:00+06:00,0.0,5.32170275797081,5.1253663857312395
2024-02-26 02:00:00+06:00,0.0,3.83905879257566,4.921131497976413
2024-02-26 03:00:00+06:00,0.0,2.421192430081153,5.874654224429649
2024-02-26 04:00:00+06:00,0.0,2.637748451970592,6.849187842392756
2024-02-26 05:00:00+06:00,0.0,1.8362829119871715,7.734162047413047
2024-02-26 06:00:00+06:00,0.0,1.460238410027419,9.000474292360948
2024-02-26 07:00:00+06:00,0.0,3.269145694109118,9.885463510977154
2024-02-26 08:00:00+06:00,0.0,1.9279027870865653,11.870040593223262
2024-02-26 09:00:00+06:00,2.028544899552282,5.8015603306309655,11.975803336525491
2024-02-26 10:00:00+06:00,4.317614698591389,1.3762143325025433,13.238139016654427
2024-02-26 11:00:00+06:00,6.150226061248779,3.971210439715366,12.947793346277848
2024-02-26 12:00:00+06:00,7.393359834463856,6.261600756752601,13.528995255900083
2024-02-26 13:00:00+06:00,7.961946955615592,4.165772185645898,13.428844856680422
2024-02-26 14:00:00+06:00,7.97450170139086,1.8855924197987604,13.012009256963859
2024-02-26 15:00:00+06:00,7.167413169204835,0.0,12.29489614898754
2024-02-26 16:00:00+06:00,5.76826531804676,1.2908862692357845,11.225966023907983
2024-02-26 17:00:00+06:00,3.7476831606636396,6.842595684043576,10.325585913693804
2024-02-26 18:00:00+06:00,1.2986357547403067,4.445065266348863,8.562604373050718
2024-02-26 19:00:00+06:00,0.0,26.86389147669861,8.046178150925664
2024-02-26 20:00:00+06:00,0.0,24.89036800360306,6.389398552030658
2024-02-26 21:00:00+06:00,0.0,11.869126388975793,5.589649929947141
2024-02-26 22:00:00+06:00,0.0,13.937551096006072,5.29409850408008
2024-02-26 23:00:00+06:00,0.0,3.8569622422977834,4.571582674308362
2024-02-27 00:00:00+06:00,0.0,22.066275051647086,4.531711985669568
2024-02-27 01:00:00+06:00,0.0,7.146282849368975,4.953096877967689
2024-02-27 02:00:00+06:00,0.0,3.6116185852863687,5.049033198627465
2024-02-27 03:00:00+06:00,0.0,4.6632137579781325,5.496408929467292
2024-02-27 04:00:00+06:00,0.0,2.505309743374051,6.214680756218067
2024-02-27 05:00:00+06:00,0.0,1.40920437197795,7.511618569322441
2024-02-27 06:00:00+06:00,0.0,2.6973850119710927,8.964673939049177
2024-02-27 07:00:00+06:00,0.0,5.245412130505667,10.09982749179842
2024-02-27 08:00:00+06:00,0.0,3.161958078248902,11.845078398755065
2024-02-27 09:00:00+06:00,2.035322338187775,0.0,11.894458234609614
2024-02-27 10:00:00+06:00,4.272740765776152,0.0,13.245404723580895
2024-02-27 11:00:00+06:00,5.9472484726682096,3.914658641027106,12.875657089091364
2024-02-27 12:00:00+06:00,7.07614944274156,5.856737705154802,13.417085669363471
2024-02-27 13:00:00+06:00,7.856934945969693,4.281845486963759,13.092600374389882
2024-02-27 14:00:00+06:00,7.606231023193108,9.899428791699538,13.16699181110147
2024-02-27 15:00:00+06:00,6.907072671671288,6.9047214816679565,12.284595077444912
2024-02-27 16:00:00+06:00,5.669615352188586,1.3917566613172616,11.580228104916719
2024-02-27 17:00:00+06:00,3.680049703474638,5.335689942408991,9.814317581226103
2024-02-27 18:00:00+06:00,1.2804855896686163,12.016174353273048,8.837992104624508
2024-02-27 19:00:00+06:00,0.0,12.563027787489268,7.62898806904766
2024-02-27 20:00:00+06:00,0.0,11.103295852146106,6.56949156179151
2024-02-27 21:00:00+06:00,0.0,7.3854693115733445,5.973252726977835
2024-02-27 22:00:00+06:00,0.0,8.964275382584388,5.465965995605947
2024-02-27 23:00:00+06:00,0.0,6.839923781628618,4.483175466202565
2024-02-28 00:00:00+06:00,0.0,2.624476103562352,4.747634605597323
2024-02-28 01:00:00+06:00,0.0,0.0,3.9952904481127374
2024-02-28 02:00:00+06:00,0.0,9.215720010247313,4.805822109077882
2024-02-28 03:00:00+06:00,0.0,2.1938754181897333,5.525180672689097
2024-02-28 04:00:00+06:00,0.0,4.774957288203483,6.625489674173703
2024-02-28 05:00:00+06:00,0.0,4.539684626022671,8.028897068522939
2024-02-28 06:00:00+06:00,0.0,1.2787447136478105,8.75423606260798
2024-02-28 07:00:00+06:00,0.0,3.5318005104879218,10.508098784898436
2024-02-28 08:00:00+06:00,0.05485522742117458,0.0,11.451473905689735
2024-02-28 09:00:00+06:00,2.1231331835199003,3.6470938658668017,11.86917170174459
2024-02-28 10:00:00+06:00,4.402670248433808,0.0,12.64086717299309
2024-02-28 11:00:00+06:00,6.150907138159134,0.0,12.919400656076997
2024-02-28 12:00:00+06:00,7.389881242240566,0.0,13.809278304206543
2024-02-28 13:00:00+06:00,7.907843991240063,0.0,13.57848721365282
2024-02-28 14:00:00+06:00,7.8023877538505335,1.9907050664772874,12.721883909813958
2024-02-28 15:00:00+06:00,7.1165053196794394,3.6002325218573628,11.92646254317548
2024-02-28 16:00:00+06:00,5.799758112413527,5.349078867373894,11.321606521700444
2024-02-28 17:00:00+06:00,3.847118641764317,0.0,10.300174370343589
2024-02-28 18:00:00+06:00,1.4012415185360265,7.011199840719149,9.05344408694301
2024-02-28 19:00:00+06:00,0.0,3.5864969645597347,7.725084077099818
2024-02-28 20:00:00+06:00,0.0,13.681657490917559,6.360693248022611
2024-02-28 21:00:00+06:00,0.0,12.40134187975944,6.05718695962288
2024-02-28 22:00:00+06:00,0.0,5.010955556305951,5.133101431560895
2024-02-28 23:00:00+06:00,0.0,18.836871871979234,4.600854627551631
2024-02-29 00:00:00+06:00,0.0,2.763509757019004,5.042624854510981
